Ced_cliente,Nombre,Apellido,Email,Cantidad_vehiculos_rentados,Direccion,Activo
17602545,Jesus,Maddocks,gmaddocks0@bbc.co.uk,21,981 Marcy Crossing,no
23315557,Andriette,Illyes,aillyes1@amazon.co.uk,25,2 Maple Pass,yes
29203423,Darbee,Manus,dmanus2@so-net.ne.jp,8,3045 Golf Plaza,no
29401165,Ingram,Lohering,ilohering3@wikimedia.org,19,62 Blaine Center,pending
27791090,Keefe,Skilbeck,kskilbeck4@theatlantic.com,24,7395 La Follette Road,pending
28810990,Rayner,O'Hallihane,rohallihane5@hud.gov,15,09117 Debs Drive,no
20569099,Olive,Kinder,okinder6@deviantart.com,13,2 Mayer Drive,yes
20816342,Agnesse,Peasey,apeasey7@zdnet.com,20,58528 Hermina Point,pending
19021444,Emelda,Elwell,eelwell8@feedburner.com,21,7 Prentice Road,no
31833667,Damien,Dobrovsky,ddobrovsky9@friendfeed.com,24,1095 Morning Park,no
28389442,Janessa,Thinn,jthinna@ycombinator.com,8,94 Declaration Way,no
27059667,Janean,Corpe,jcorpeb@noaa.gov,22,02098 Eagan Center,yes
23816145,Lolita,Hackforth,lhackforthc@eepurl.com,9,71069 Daystar Court,pending
14231568,Loren,Sevier,lsevierd@cbc.ca,8,8061 Paget Hill,pending
24380351,Efren,Cullip,ecullipe@goodreads.com,25,89 Pankratz Pass,no
27698089,Ranna,Sinisbury,rsinisburyf@hc360.com,17,58170 Steensland Plaza,yes
22344501,Onfre,Horley,ohorleyg@walmart.com,25,2 Schiller Lane,yes
13156645,Deny,Booton,dbootonh@edublogs.org,18,3646 Menomonie Avenue,no
23652487,Yardley,Growcock,ygrowcocki@csmonitor.com,19,9 Ronald Regan Pass,yes
25147564,Riobard,Kemmey,rkemmeyj@smugmug.com,4,8 Thackeray Circle,no
21574211,Faber,Elsley,felsleyk@seattletimes.com,18,0377 High Crossing Trail,no
29593044,Conny,Trowill,ctrowilll@booking.com,14,4 Fuller Center,pending
22064183,Nev,Maly,nmalym@skyrock.com,17,65756 Mifflin Lane,yes
27249122,Levy,Cordelette,lcordeletten@deliciousdays.com,24,1 Moose Road,no
15535450,Neille,Hebden,nhebdeno@nytimes.com,1,637 Jana Junction,no
23153972,Krissie,Zammitt,kzammittp@istockphoto.com,23,490 Del Mar Street,no
20112674,Steffane,Treadwell,streadwellq@yahoo.com,16,9603 Daystar Terrace,pending
20460572,Orsola,Yeliashev,oyeliashevr@uiuc.edu,12,4 Commercial Circle,yes
19581128,Boigie,Sutterfield,bsutterfields@ebay.co.uk,1,81904 Union Pass,yes
27376590,Paolina,Rawsthorn,prawsthornt@quantcast.com,20,19883 Rieder Junction,pending
21641460,Brunhilde,Utley,butleyu@adobe.com,23,11 Fuller Pass,no
22402688,Anstice,Allmark,aallmarkv@bing.com,17,2 Arizona Terrace,yes
31296240,Mattie,Ferreiro,mferreirow@zimbio.com,10,96322 Summit Drive,yes
16138137,Thatch,Wilsone,twilsonex@auda.org.au,25,60253 Vera Avenue,no
24459580,Letitia,Kiehne,lkiehney@zdnet.com,15,684 Barby Court,yes
30341955,Emmie,Ludman,eludmanz@yolasite.com,18,12455 Karstens Court,yes
30481767,Winne,Jakoviljevic,wjakoviljevic10@blogspot.com,2,2238 Crownhardt Pass,pending
31442115,Mavis,McGrorty,mmcgrorty11@blogs.com,20,395 Eastlawn Hill,pending
23095822,Inesita,Fontelles,ifontelles12@ovh.net,7,98710 Spenser Trail,no
17660487,Isacco,Greenhalf,igreenhalf13@wix.com,2,536 Harbort Drive,no
29818703,Constantino,Alleway,calleway14@ifeng.com,9,42110 Cascade Court,pending
23094272,Yalonda,Danniel,ydanniel15@google.pl,9,7 Briar Crest Terrace,no
25261977,Pail,Forten,pforten16@geocities.com,2,7 Debs Crossing,pending
24936699,Antonius,Colbertson,acolbertson17@wisc.edu,20,058 Wayridge Center,yes
17158352,Huntlee,Gerritsma,hgerritsma18@bbc.co.uk,22,7 Commercial Way,pending
23179992,Benoit,Domnick,bdomnick19@geocities.com,8,7795 Kings Point,no
17597715,Dmitri,Gloves,dgloves1a@shutterfly.com,6,275 Sommers Trail,pending
26922149,Dorella,Foucher,dfoucher1b@wikispaces.com,4,601 Green Ridge Lane,yes
22053967,Tabbie,Tupman,ttupman1c@csmonitor.com,3,3780 Graedel Point,yes
16960758,Fulvia,Veal,fveal1d@tamu.edu,18,80044 Artisan Trail,pending
30438315,Saidee,Pieche,spieche1e@dagondesign.com,19,84 Westport Drive,no
31547445,Ario,Withrop,awithrop1f@oaic.gov.au,4,145 Boyd Court,pending
25227437,Liva,Seaward,lseaward1g@acquirethisname.com,4,51694 Cottonwood Point,pending
14336612,Laetitia,Barter,lbarter1h@sun.com,21,8 Paget Circle,yes
22410777,Gerardo,Mapledoram,gmapledoram1i@google.com.au,18,24781 Luster Parkway,no
14754491,Marge,Warlawe,mwarlawe1j@dailymotion.com,15,17581 Hovde Street,no
31922134,Shandy,Keays,skeays1k@wisc.edu,20,04450 Springs Lane,pending
20638504,Jasmina,Vivians,jvivians1l@hubpages.com,22,125 Redwing Place,no
27177969,Packston,Hiley,philey1m@nationalgeographic.com,18,9099 Colorado Circle,no
25480441,Morissa,Heckle,mheckle1n@nydailynews.com,22,8622 Talmadge Terrace,yes
17436326,Philippa,Dorwood,pdorwood1o@vimeo.com,22,5 Ridgeview Circle,pending
31667917,Leone,McPhilip,lmcphilip1p@umn.edu,16,82479 Blaine Center,no
22020909,Alberik,Zanutti,azanutti1q@netvibes.com,24,29632 Vera Plaza,pending
23038708,Shelia,Widdop,swiddop1r@whitehouse.gov,9,445 Westridge Plaza,pending
29511247,Joe,Risman,jrisman1s@goo.ne.jp,7,529 Banding Drive,no
20682175,Tabb,Craggs,tcraggs1t@pcworld.com,10,78748 Graedel Place,pending
22040551,Sharleen,Abbes,sabbes1u@histats.com,4,0 Amoth Hill,no
24836529,Charis,Haggish,chaggish1v@flickr.com,24,780 Debra Trail,yes
26417178,Mano,Duffree,mduffree1w@sohu.com,22,8666 Toban Court,no
20475414,Thaddus,Hawyes,thawyes1x@clickbank.net,3,83283 Bowman Place,no
15814651,Fletch,Imort,fimort1y@g.co,6,25 Hoard Plaza,yes
30626265,Zebadiah,Hicks,zhicks1z@google.fr,20,20431 4th Junction,pending
20376733,Toby,Jirus,tjirus20@samsung.com,22,94 Huxley Center,yes
20872362,Clarabelle,Thurlbourne,cthurlbourne21@squarespace.com,20,5 Eliot Point,pending
30266690,Rawley,McFee,rmcfee22@networkadvertising.org,14,36 Ohio Hill,no
19292373,Babs,Heisham,bheisham23@boston.com,16,691 Springview Pass,no
29543293,Don,Johnson,djohnson24@shutterfly.com,13,5427 Messerschmidt Hill,yes
16058789,Joice,Mayne,jmayne25@utexas.edu,18,56368 Barnett Junction,yes
28328441,Marla,Doers,mdoers26@thetimes.co.uk,17,0896 Transport Lane,yes
28555104,Trey,Streatley,tstreatley27@yellowbook.com,2,28799 Northview Pass,no
17480017,Lesly,Woodes,lwoodes28@cbsnews.com,2,9694 Sommers Point,pending
31707479,Erin,Moat,emoat29@tumblr.com,25,5 Goodland Avenue,no
30510212,Sherline,Stickles,sstickles2a@ameblo.jp,12,238 Jenifer Plaza,yes
17157765,Lottie,Luetkemeyers,lluetkemeyers2b@freewebs.com,24,311 Warbler Road,yes
25646255,Craggy,Mulvenna,cmulvenna2c@psu.edu,10,132 Petterle Lane,pending
16828865,Rodolph,Murrigans,rmurrigans2d@google.com,20,4816 Acker Park,no
13342120,Kinsley,Gussie,kgussie2e@newsvine.com,25,445 Hintze Place,yes
26532739,Huberto,Leveritt,hleveritt2f@google.es,19,38075 Hansons Park,no
29762461,Dionisio,Deshorts,ddeshorts2g@deliciousdays.com,8,72 Continental Parkway,yes
18788832,Charity,Tavernor,ctavernor2h@dmoz.org,9,6 Tony Park,yes
16444580,Shelly,Hessing,shessing2i@weebly.com,4,88 Hansons Lane,pending
26921677,Harvey,Harries,hharries2j@gizmodo.com,16,20290 Forest Park,pending
24733449,Wallache,Conibear,wconibear2k@theglobeandmail.com,7,209 Fairview Trail,yes
17240537,Alane,Arend,aarend2l@bravesites.com,14,01 Main Place,yes
20713132,Yetty,Meegin,ymeegin2m@unblog.fr,9,205 Forest Run Road,yes
14657830,Kellen,Mapham,kmapham2n@google.com.hk,3,3950 School Parkway,yes
15049231,Agnesse,Lehrmann,alehrmann2o@marketwatch.com,22,3425 Drewry Place,yes
20551894,Vitoria,Genge,vgenge2p@fda.gov,24,92 Clemons Way,pending
27799954,Sven,Bramer,sbramer2q@miitbeian.gov.cn,22,42373 Katie Way,yes
13916086,Cordey,Tichelaar,ctichelaar2r@live.com,13,31 School Drive,no
26356834,Natka,Cometto,ncometto2s@marriott.com,9,432 School Alley,no
22920119,Joellen,Veighey,jveighey2t@ovh.net,4,733 Dorton Parkway,yes
15621947,Kiri,Rallinshaw,krallinshaw2u@japanpost.jp,21,3 Fremont Plaza,no
21541589,Carlotta,Maymond,cmaymond2v@free.fr,2,8575 Huxley Junction,no
23979749,Dorry,Rapper,drapper2w@clickbank.net,11,7077 Russell Park,yes
13150631,Sasha,Loveland,sloveland2x@github.com,9,317 Morning Way,no
30462776,Lianne,McQuode,lmcquode2y@flavors.me,22,083 Ohio Pass,yes
28929402,Andrus,Sans,asans2z@vimeo.com,10,97 Manitowish Parkway,pending
22981521,Lotta,Uzelli,luzelli30@va.gov,20,364 Sauthoff Pass,no
26712851,Christal,Maunton,cmaunton31@ow.ly,9,1271 Wayridge Way,no
16681283,Fabio,Justice,fjustice32@dropbox.com,11,27565 Delaware Crossing,no
15216410,Sela,Deam,sdeam33@umich.edu,17,62 Colorado Alley,no
24964176,Shannah,Aldiss,saldiss34@prweb.com,5,270 Ridgeway Alley,no
20128792,Mortie,Herreran,mherreran35@washington.edu,12,96701 Lake View Circle,pending
14900285,Opaline,Whale,owhale36@icq.com,20,2194 Northridge Circle,no
21854660,Roarke,Friett,rfriett37@virginia.edu,19,34069 Birchwood Avenue,pending
17943658,Carolan,Legerton,clegerton38@comcast.net,17,71005 Burrows Plaza,pending
25952215,Carlina,Crannage,ccrannage39@unc.edu,15,17 Esker Circle,pending
25178356,Humphrey,Dressell,hdressell3a@sciencedirect.com,12,12519 Bellgrove Street,pending
18597558,Annice,Stamp,astamp3b@gizmodo.com,10,6931 Mccormick Point,yes
24315887,Raeann,Kynder,rkynder3c@techcrunch.com,15,0897 Saint Paul Way,pending
21431802,Mahmoud,Stooke,mstooke3d@sfgate.com,25,869 Sugar Road,no
26713671,Gilberta,Abramcik,gabramcik3e@nature.com,11,1703 Fairfield Park,pending
23942536,Glori,Spenton,gspenton3f@princeton.edu,3,7495 Mifflin Plaza,pending
19064394,Richard,Churchward,rchurchward3g@nytimes.com,21,3398 La Follette Parkway,no
16705088,Christye,Kobsch,ckobsch3h@squarespace.com,20,1 Raven Lane,no
17262917,Jillana,Lohan,jlohan3i@sbwire.com,21,1 Muir Street,pending
23886354,Kata,Ivancevic,kivancevic3j@fema.gov,5,7916 Dahle Parkway,pending
18877947,Zachery,Marcussen,zmarcussen3k@theatlantic.com,8,8014 Westend Avenue,pending
29463473,Kirstyn,Conybear,kconybear3l@senate.gov,15,7 Corben Alley,pending
20381827,Kath,Guyan,kguyan3m@lycos.com,20,03859 Texas Court,yes
30735907,Dorolice,Boldry,dboldry3n@is.gd,1,381 Sunbrook Crossing,yes
22920234,Richard,Fassam,rfassam3o@posterous.com,21,6024 Shopko Way,pending
24387169,Pauly,MacGorman,pmacgorman3p@disqus.com,5,154 West Hill,yes
14195235,Dag,Gilhool,dgilhool3q@discovery.com,15,88 Lakewood Junction,yes
25834836,Marcile,Harmon,mharmon3r@examiner.com,7,64 Southridge Pass,pending
16308026,Alvin,Trotton,atrotton3s@dion.ne.jp,19,5562 Menomonie Street,pending
15831915,Camala,Eccles,ceccles3t@ca.gov,11,2518 Orin Street,no
26284901,Pavla,Seymour,pseymour3u@yelp.com,20,3900 Meadow Ridge Court,no
27152496,Jasmin,Eschelle,jeschelle3v@nifty.com,8,426 Oxford Hill,no
16459980,Frannie,Kingaby,fkingaby3w@mac.com,22,527 Tony Drive,pending
28738183,Jolene,Vittery,jvittery3x@wunderground.com,2,678 Meadow Ridge Junction,pending
16756888,Anestassia,Enns,aenns3y@amazon.com,10,3 Evergreen Hill,no
17697492,Selinda,Bulleyn,sbulleyn3z@umn.edu,16,38 Carpenter Trail,no
18955776,Oswell,McSperron,omcsperron40@answers.com,21,8848 Killdeer Lane,no
18533240,Anne,Akaster,aakaster41@vistaprint.com,1,2 Schurz Place,pending
27772099,Maurice,Copin,mcopin42@jigsy.com,25,89 Dahle Pass,yes
23890869,Kim,Tarte,ktarte43@indiegogo.com,8,7753 Evergreen Plaza,pending
16351767,Moselle,Durran,mdurran44@google.es,9,163 Petterle Court,yes
13252380,Emlynne,Schreurs,eschreurs45@de.vu,22,2 Farwell Hill,yes
31419685,Venus,Freschi,vfreschi46@cyberchimps.com,25,35024 Orin Crossing,yes
15427331,Galvin,Searle,gsearle47@comsenz.com,11,0 Bellgrove Court,pending
14548498,Alexei,Gaddesby,agaddesby48@vk.com,9,4593 Darwin Court,no
13088534,Charley,Swindon,cswindon49@tamu.edu,5,0 Kinsman Center,yes
15713110,Bradley,Ulyatt,bulyatt4a@amazonaws.com,17,751 Oak Valley Road,yes
22339367,Vallie,Wanell,vwanell4b@chron.com,11,882 Gerald Point,no
18169760,Gunter,Elleray,gelleray4c@nbcnews.com,13,00652 Sachtjen Way,no
17960702,Skelly,Morley,smorley4d@amazonaws.com,7,12 Dixon Street,yes
17709806,Keefer,Taplin,ktaplin4e@skype.com,5,37 La Follette Terrace,pending
16517792,Charline,Penley,cpenley4f@nytimes.com,14,423 Vahlen Parkway,no
28762305,Quentin,Thirtle,qthirtle4g@mapquest.com,20,9 Rowland Lane,yes
19780597,Evangeline,Gerb,egerb4h@ebay.com,24,752 Spohn Park,no
22768683,Putnem,Oleshunin,poleshunin4i@newyorker.com,19,5480 Michigan Way,yes
24112656,Candida,Skade,cskade4j@wix.com,7,36739 Golf View Road,yes
21479936,Waldemar,Gelderd,wgelderd4k@ucoz.ru,22,66153 Eagle Crest Point,no
19161568,Keriann,Connar,kconnar4l@google.ca,12,8219 Milwaukee Point,no
29727798,Dicky,Rain,drain4m@google.it,6,5583 Leroy Hill,no
30690935,Carola,Twinberrow,ctwinberrow4n@dailymotion.com,12,1 4th Street,no
20078981,Chelsie,Vernham,cvernham4o@slate.com,15,9340 Troy Alley,no
19014783,Vita,Ostick,vostick4p@miitbeian.gov.cn,3,1658 Sachs Terrace,no
21422542,Gayelord,Gilley,ggilley4q@sogou.com,16,3 Maywood Park,pending
24266953,Judah,McGinnell,jmcginnell4r@weibo.com,7,0495 Little Fleur Point,pending
31597001,Ky,Corde,kcorde4s@wisc.edu,11,12 Vahlen Park,yes
23948247,Naoma,Cheales,ncheales4t@blogspot.com,22,55306 Vahlen Drive,yes
24609985,Andie,Scogin,ascogin4u@reuters.com,12,48957 Katie Crossing,no
31305339,Meriel,Marusic,mmarusic4v@discuz.net,6,35 Stone Corner Pass,yes
21524086,Terri-jo,Grishakov,tgrishakov4w@booking.com,3,7212 Fallview Place,pending
29355092,Rob,McInteer,rmcinteer4x@jiathis.com,11,5685 Mayfield Park,no
30649975,Johny,Innerstone,jinnerstone4y@slate.com,7,6 Nobel Junction,yes
27645909,Chris,Walder,cwalder4z@dot.gov,20,341 Killdeer Circle,no
15363023,Tawsha,Stabbins,tstabbins50@drupal.org,19,041 Dawn Avenue,no
26151640,Lena,Clymer,lclymer51@mtv.com,13,41 Muir Point,pending
24941735,Grete,Fonteyne,gfonteyne52@timesonline.co.uk,9,9 Marquette Pass,yes
14188490,Prudi,Leadbeatter,pleadbeatter53@istockphoto.com,3,2424 Thompson Junction,yes
26257472,Dinnie,Withnall,dwithnall54@scientificamerican.com,23,800 Old Shore Crossing,pending
26468096,Sibley,Steynor,ssteynor55@disqus.com,18,75138 Fieldstone Terrace,pending
26518023,Lanie,Walkling,lwalkling56@dailymotion.com,1,07 Kings Crossing,pending
20351538,Winnie,Blunn,wblunn57@mozilla.com,15,66 Declaration Place,no
28891576,Sheppard,Ducastel,sducastel58@dyndns.org,22,28 3rd Hill,pending
22793162,Morey,Bearn,mbearn59@mozilla.org,7,542 Bobwhite Junction,yes
25197908,Emeline,Giottini,egiottini5a@psu.edu,3,30 Sutteridge Center,yes
26111259,Prentiss,Benezeit,pbenezeit5b@biblegateway.com,3,37670 Stang Point,no
15144484,Keslie,Middis,kmiddis5c@shinystat.com,10,1976 Northridge Circle,pending
22851793,Georgianna,Dionsetti,gdionsetti5d@list-manage.com,16,4550 Saint Paul Crossing,no
22436000,Merrill,Milkin,mmilkin5e@about.com,1,850 Linden Trail,yes
26688828,Elizabet,Bachura,ebachura5f@youtu.be,23,8301 Gale Lane,pending
30212417,Wade,MacGeaney,wmacgeaney5g@tiny.cc,8,25198 Lerdahl Place,no
13735037,Teddi,Northin,tnorthin5h@boston.com,25,50374 Drewry Place,no
17373295,Katrina,Godsell,kgodsell5i@w3.org,13,951 Little Fleur Way,pending
29076223,Shayna,Farherty,sfarherty5j@disqus.com,3,0 Fairfield Lane,no
22154081,Harriet,Scurrah,hscurrah5k@webnode.com,16,53743 Graedel Road,yes
29225753,Cris,Mayworth,cmayworth5l@storify.com,11,64442 Shasta Center,yes
19740985,Sisely,Veque,sveque5m@statcounter.com,18,942 Dayton Center,no
25209923,Sharron,Barca,sbarca5n@merriam-webster.com,25,7626 Oakridge Street,pending
15134624,Kristo,Fosdick,kfosdick5o@vk.com,10,0 Grayhawk Place,yes
14743282,Kristen,Tayloe,ktayloe5p@mit.edu,19,48 Northview Place,pending
25456793,Janean,Cathenod,jcathenod5q@unesco.org,12,26 Toban Crossing,pending
21696154,Rees,Duer,rduer5r@kickstarter.com,18,462 Esker Court,pending
26752900,Marylin,Couper,mcouper5s@reference.com,1,5 Havey Pass,no
28887690,Nero,Woolam,nwoolam5t@shutterfly.com,9,451 Kennedy Way,pending
28853806,Park,Petric,ppetric5u@apache.org,19,8417 Emmet Road,no
26447637,Nada,Burvill,nburvill5v@deviantart.com,1,9665 Anniversary Terrace,pending
31269637,Cross,Langhorn,clanghorn5w@usda.gov,11,4 Upham Point,yes
25118676,Helenka,Brake,hbrake5x@mit.edu,10,61924 Lunder Trail,no
15223943,Ramonda,Robillart,rrobillart5y@slashdot.org,13,37 International Park,yes
31702626,Rosco,Spratling,rspratling5z@alibaba.com,12,72932 Morning Point,no
25426089,Celestyn,Burnyeat,cburnyeat60@comcast.net,9,30272 Pine View Pass,no
30370901,Siouxie,Borgars,sborgars61@nyu.edu,12,6767 Delaware Pass,no
13545036,Benny,Madge,bmadge62@blogs.com,20,4870 Bowman Junction,pending
17560021,Guinna,Cardoo,gcardoo63@e-recht24.de,20,152 Autumn Leaf Circle,no
28847483,Julianna,Panniers,jpanniers64@princeton.edu,16,58 Graceland Plaza,no
21960757,Elke,Partridge,epartridge65@china.com.cn,25,99 Bashford Street,no
16962719,Kara,Janisson,kjanisson66@nature.com,16,7795 Stang Parkway,pending
19319858,Robbert,Flemmich,rflemmich67@house.gov,7,782 Summit Lane,pending
17166308,Chalmers,Reimers,creimers68@ft.com,13,14355 Shoshone Terrace,no
31931714,Jeannette,Jepensen,jjepensen69@mediafire.com,1,9176 Fairview Pass,pending
29427938,Flss,Dearle,fdearle6a@home.pl,2,39 Barby Junction,yes
20753462,Boothe,Stillwell,bstillwell6b@storify.com,20,239 Independence Hill,no
27444120,Kellsie,Olivari,kolivari6c@earthlink.net,14,450 Bayside Terrace,no
31202438,Berta,Carles,bcarles6d@google.ru,18,9915 Crownhardt Plaza,pending
30040874,Letizia,Caudray,lcaudray6e@xing.com,5,465 Drewry Point,no
21510855,Janifer,Corsham,jcorsham6f@ehow.com,12,19072 Maywood Crossing,no
29694338,Ursola,Ding,uding6g@pbs.org,19,037 Brentwood Drive,yes
20523824,Tina,Croan,tcroan6h@webs.com,16,25591 Swallow Point,yes
28436834,Amabel,Hamberstone,ahamberstone6i@sina.com.cn,10,95209 Namekagon Crossing,yes
20237553,Whitman,Ashenhurst,washenhurst6j@alibaba.com,19,6 Badeau Road,no
21347198,Munroe,Yaxley,myaxley6k@nifty.com,5,308 Iowa Trail,no
22352912,Lin,Percy,lpercy6l@cocolog-nifty.com,10,781 Grayhawk Parkway,pending
31077698,Morgen,Seiler,mseiler6m@biblegateway.com,11,6 Beilfuss Parkway,yes
21867216,Turner,Obern,tobern6n@irs.gov,2,0 Twin Pines Junction,no
20103517,Odey,Rundall,orundall6o@google.nl,12,68 Kedzie Street,pending
14007528,Sibilla,Delepine,sdelepine6p@example.com,25,3 Autumn Leaf Terrace,no
23204770,Miguelita,Balmadier,mbalmadier6q@google.com.hk,13,77 Schurz Place,pending
26799775,Benedicto,Fagence,bfagence6r@list-manage.com,23,2 Declaration Court,yes
20598851,Erminia,Leek,eleek6s@biglobe.ne.jp,21,92 Forest Center,pending
13900802,Hermia,Dimblebee,hdimblebee6t@edublogs.org,24,37668 Meadow Vale Park,yes
21657734,Garland,Peschka,gpeschka6u@marriott.com,7,45 Forest Park,yes
23406945,Chrystal,Strutton,cstrutton6v@omniture.com,4,74752 Canary Junction,yes
23513030,Elwood,Glawsop,eglawsop6w@soundcloud.com,5,35 Butternut Place,no
14475265,Maxie,Cordell,mcordell6x@theatlantic.com,21,74407 Mendota Lane,yes
18177727,Grethel,Spellacey,gspellacey6y@wikispaces.com,13,3930 Holmberg Hill,pending
17580538,Aigneis,Waymont,awaymont6z@nba.com,9,0436 Hayes Place,no
13055870,Arlena,Weekes,aweekes70@walmart.com,21,07010 Elgar Way,no
31323809,Joni,Stokoe,jstokoe71@hao123.com,11,218 Clemons Center,yes
30072260,Skipper,Blondin,sblondin72@noaa.gov,8,1 Pleasure Road,yes
27446212,Ynes,Viney,yviney73@is.gd,20,6 Dunning Center,pending
30585738,Ferrell,Stuttard,fstuttard74@wiley.com,2,6404 Northland Center,no
14060655,Peg,Maltman,pmaltman75@hatena.ne.jp,12,67 Anderson Hill,no
30491214,Ryon,Files,rfiles76@meetup.com,16,22522 Barby Street,pending
17857912,Thorvald,Lince,tlince77@dyndns.org,22,7 Browning Street,pending
30078343,Randene,Drivers,rdrivers78@dedecms.com,18,8663 Pleasure Alley,yes
15539918,Saunderson,Yglesias,syglesias79@spiegel.de,1,0795 Rieder Street,yes
25504190,Isabelle,Pringle,ipringle7a@freewebs.com,5,310 Bobwhite Road,no
20008964,Mordecai,Tatlow,mtatlow7b@intel.com,13,32 Moland Alley,no
31923171,Sax,Thirtle,sthirtle7c@msn.com,11,44 Drewry Way,yes
29424224,Row,Nan Carrow,rnancarrow7d@nsw.gov.au,8,393 Carberry Place,yes
22433256,Ami,Sedgwick,asedgwick7e@google.co.jp,2,3894 Morning Way,yes
21644551,Wilhelm,Spyer,wspyer7f@cbc.ca,20,4 Lighthouse Bay Parkway,yes
30064711,Jorey,Mallall,jmallall7g@xinhuanet.com,7,9 Grasskamp Alley,pending
27172289,Ora,Malimoe,omalimoe7h@flavors.me,5,07 Grayhawk Park,no
14301599,Alexio,Speake,aspeake7i@plala.or.jp,20,042 Dapin Point,pending
26634543,Anselm,Torrance,atorrance7j@wix.com,2,0336 Sachs Circle,yes
30263082,Tracie,Olney,tolney7k@csmonitor.com,5,39118 Corben Plaza,yes
18301341,Correy,McVicar,cmcvicar7l@zimbio.com,2,28906 Kinsman Drive,yes
27899293,Kirby,Andrzejak,kandrzejak7m@spotify.com,14,0 Monterey Center,yes
30817076,Mick,Ghent,mghent7n@sun.com,25,87961 Surrey Circle,yes
16768469,Laurens,Elwood,lelwood7o@github.com,12,63 Ridgeview Pass,no
13399533,Kay,Briiginshaw,kbriiginshaw7p@vk.com,11,6 Blackbird Terrace,yes
17312894,Maurizia,Bantham,mbantham7q@tiny.cc,23,35214 Acker Circle,no
23167649,Alberik,Splevin,asplevin7r@angelfire.com,14,72 Kings Avenue,no
25410843,Bria,Parkyns,bparkyns7s@amazon.co.uk,14,111 Judy Trail,yes
17549660,Ulrick,Millward,umillward7t@creativecommons.org,10,97206 Menomonie Junction,yes
14859334,Etheline,Wiz,ewiz7u@hexun.com,5,36 Brentwood Junction,no
31015296,Farrah,Owers,fowers7v@unicef.org,25,4169 Sachtjen Road,yes
24912659,Bengt,Sallowaye,bsallowaye7w@unblog.fr,7,73 Melvin Street,no
22516315,Artair,Rannells,arannells7x@gov.uk,12,2558 Onsgard Crossing,no
27881086,Peggy,Mitcheson,pmitcheson7y@nbcnews.com,11,27 Blue Bill Park Drive,no
14912611,Licha,Petrecz,lpetrecz7z@xing.com,21,582 5th Junction,pending
20025433,Kore,Nightingale,knightingale80@slideshare.net,4,66 Paget Park,no
27267614,Dolley,Oylett,doylett81@webeden.co.uk,6,8403 Dunning Avenue,yes
16919245,Fernando,Doddemeade,fdoddemeade82@woothemes.com,25,98427 Merry Avenue,yes
22904052,Zak,Asmus,zasmus83@storify.com,1,8 Vidon Terrace,yes
13698794,Bale,Wynrehame,bwynrehame84@springer.com,2,18080 Chinook Parkway,yes
14465137,Leigh,Grzelczak,lgrzelczak85@ifeng.com,7,0990 Anhalt Street,yes
29282504,Nancie,Penburton,npenburton86@tripod.com,22,64583 Reindahl Drive,pending
27406489,Hilario,Laurenty,hlaurenty87@drupal.org,16,6 Farragut Park,yes
31767673,Sallyanne,Teggin,steggin88@parallels.com,18,4 Dexter Place,no
31543805,Jonie,Balsdone,jbalsdone89@friendfeed.com,13,5 Alpine Pass,yes
25476247,Wilmette,Goldin,wgoldin8a@shareasale.com,24,5578 Shasta Center,pending
24687899,Sloan,Browell,sbrowell8b@mail.ru,25,13 Annamark Street,pending
13224516,Cary,Branche,cbranche8c@apple.com,1,47 Claremont Park,pending
31455583,Brit,Rundle,brundle8d@meetup.com,4,9223 Sugar Parkway,no
31313298,Devin,Somerfield,dsomerfield8e@domainmarket.com,24,979 Raven Terrace,no
15084005,Sean,Rockwell,srockwell8f@vimeo.com,9,269 Myrtle Drive,yes
16136812,Chelsy,Humpatch,chumpatch8g@exblog.jp,21,43 Blue Bill Park Terrace,yes
30957434,Kristan,Swalwel,kswalwel8h@cdc.gov,8,0 Michigan Road,no
21921329,Cornelle,Blasgen,cblasgen8i@theatlantic.com,19,286 Mariners Cove Park,yes
20638287,Alley,Laurand,alaurand8j@google.de,2,715 Petterle Junction,yes
20030487,Leoine,Cattach,lcattach8k@exblog.jp,18,064 Donald Plaza,yes
14816858,Prissie,Aronovitz,paronovitz8l@cloudflare.com,17,6217 Washington Circle,pending
23515027,Hercules,Leppingwell,hleppingwell8m@icio.us,24,86 Upham Street,yes
31954350,Gabriel,Palatino,gpalatino8n@foxnews.com,20,9748 Pierstorff Junction,yes
18660581,Farrah,Ranscombe,franscombe8o@examiner.com,25,08345 Green Ridge Road,no
31029353,Tiffy,Jenkerson,tjenkerson8p@time.com,21,4721 Corben Drive,pending
23969978,Pierette,Sambiedge,psambiedge8q@slashdot.org,25,01884 Sheridan Point,yes
14996764,Ursala,Roughsedge,uroughsedge8r@wikispaces.com,2,53 Hayes Alley,pending
21242379,Filippo,Errol,ferrol8s@goo.gl,19,30201 Graceland Street,yes
21452666,Gus,Duffet,gduffet8t@macromedia.com,25,672 Meadow Valley Junction,pending
15697472,Nicola,Retallick,nretallick8u@newsvine.com,15,11356 Park Meadow Parkway,no
27553956,Sissie,Grant,sgrant8v@ftc.gov,14,94843 Leroy Place,no
17010644,Gloria,Grinnikov,ggrinnikov8w@istockphoto.com,14,75023 Homewood Lane,pending
29952599,Ibby,Nanelli,inanelli8x@globo.com,12,21291 Acker Place,pending
30431352,Dre,Dimeloe,ddimeloe8y@forbes.com,4,15934 Almo Road,no
28808002,Pippo,Sheara,psheara8z@soup.io,9,898 Havey Place,yes
22214635,Cyndi,Barnard,cbarnard90@uol.com.br,3,999 Grim Drive,no
17554168,Bertrando,Sturt,bsturt91@slashdot.org,24,2 Ludington Street,pending
14947513,Erl,Phin,ephin92@storify.com,11,18 Oak Avenue,yes
27312767,Maribelle,Dods,mdods93@ehow.com,8,7 Brentwood Drive,yes
29321910,Elijah,Pariso,epariso94@flavors.me,14,587 Bartillon Street,yes
21565728,Inez,Maplethorpe,imaplethorpe95@loc.gov,2,8 Gale Crossing,pending
30707065,Felicle,Goard,fgoard96@theguardian.com,23,821 Fordem Avenue,pending
18143456,Sileas,Chew,schew97@1688.com,18,5 Clyde Gallagher Court,yes
21897855,Rivi,Downton,rdownton98@ezinearticles.com,12,1 Thompson Crossing,no
16855275,Adara,Patten,apatten99@google.nl,4,6 Carpenter Trail,pending
19495180,Stavro,Rosenkranc,srosenkranc9a@amazon.com,24,49998 Bobwhite Drive,pending
17709392,Gerhardt,Sowthcote,gsowthcote9b@tumblr.com,3,80 Continental Hill,no
24964845,Davy,Pawelke,dpawelke9c@nih.gov,18,0 Pearson Junction,yes
29458563,Mala,Ricold,mricold9d@webs.com,12,101 Kings Avenue,no
23124143,Kissiah,Muncey,kmuncey9e@walmart.com,1,4 Buhler Lane,no
13538225,Ibrahim,Loges,iloges9f@ask.com,7,9 Sunnyside Circle,pending
13897701,Velma,Kerrey,vkerrey9g@usatoday.com,13,01515 Dakota Way,no
20145294,Janith,Dun,jdun9h@ocn.ne.jp,23,5504 Knutson Plaza,pending
16112238,Blondelle,Luciani,bluciani9i@ow.ly,19,41 Heffernan Plaza,pending
24697380,Jewelle,Woolpert,jwoolpert9j@e-recht24.de,16,41411 Gina Alley,no
27221720,Lorelle,Van der Hoeven,lvanderhoeven9k@wikia.com,13,342 Briar Crest Hill,yes
23319141,Hubert,Chong,hchong9l@dion.ne.jp,15,1931 Victoria Terrace,yes
31826789,Bartie,Plaide,bplaide9m@tuttocitta.it,24,79 Prentice Junction,yes
28049131,Verge,Mainston,vmainston9n@trellian.com,13,90944 Lyons Circle,pending
13409420,Philipa,Messenbird,pmessenbird9o@ftc.gov,13,73015 Delaware Street,pending
28255491,Jami,Challace,jchallace9p@flavors.me,25,077 Dayton Circle,no
17428976,Lurleen,Caddock,lcaddock9q@wsj.com,5,261 Fordem Circle,pending
23404724,Chrotoem,Rising,crising9r@cam.ac.uk,3,5 Fieldstone Junction,yes
29179767,Maggy,Sammars,msammars9s@ox.ac.uk,8,15 Main Pass,pending
29984603,Catriona,Pleace,cpleace9t@cmu.edu,5,1020 Hansons Place,yes
21797946,Camey,Bauchop,cbauchop9u@marriott.com,25,0700 Northridge Alley,no
26673441,Marjorie,Gilks,mgilks9v@house.gov,10,32 Heath Pass,yes
31014838,Alfred,Perree,aperree9w@engadget.com,17,956 Valley Edge Terrace,yes
17001940,Sena,Robilart,srobilart9x@adobe.com,24,4 Mayfield Terrace,no
28834595,Saidee,Pleace,spleace9y@bing.com,25,72179 Sachs Hill,no
31973848,Tim,Revington,trevington9z@sbwire.com,3,6 Glendale Point,no
13138603,Charley,Kittiman,ckittimana0@un.org,12,67 Elmside Crossing,yes
27583323,Darda,Derwin,dderwina1@toplist.cz,14,57 Vernon Court,pending
15446625,Thibaud,Guerrieri,tguerrieria2@sfgate.com,15,574 Melvin Circle,no
17111358,Vonni,Gladebeck,vgladebecka3@ed.gov,1,48 Thackeray Road,yes
13554256,Crysta,Frarey,cfrareya4@imageshack.us,4,48061 Esch Parkway,no
30304493,Garwood,Benting,gbentinga5@paginegialle.it,21,0 Crowley Street,yes
29960582,Pia,Quilty,pquiltya6@example.com,9,86831 Carey Circle,pending
29696341,Rollin,Collister,rcollistera7@tripod.com,6,86026 Northport Court,yes
27080710,Hailee,Seagrove,hseagrovea8@studiopress.com,4,84718 Westend Court,pending
20493011,Troy,Bagnal,tbagnala9@parallels.com,3,166 Eastlawn Pass,yes
20077746,Harlene,By,hbyaa@angelfire.com,15,54472 Southridge Terrace,pending
19969374,Obidiah,Wessell,owessellab@ameblo.jp,15,46854 Westport Crossing,no
13050347,Vassily,Cullinane,vcullinaneac@surveymonkey.com,14,37381 Trailsway Plaza,pending
14493013,Clarence,McKevany,cmckevanyad@github.io,17,6298 Grim Trail,no
28793427,Margarita,Harland,mharlandae@blinklist.com,16,70714 Russell Center,pending
17045655,Karylin,Seemmonds,kseemmondsaf@mayoclinic.com,22,97705 Utah Pass,yes
21222213,Philip,MacGiffin,pmacgiffinag@opensource.org,3,48 Crest Line Street,pending
20410312,Leona,Cutress,lcutressah@about.com,10,181 Delaware Crossing,yes
20891069,Grove,Digger,gdiggerai@arstechnica.com,11,555 Bunker Hill Drive,pending
22751993,Rivi,Tansly,rtanslyaj@arstechnica.com,6,96717 Boyd Trail,pending
23980518,Smith,Eddy,seddyak@microsoft.com,1,72990 Cordelia Street,yes
18808195,Heda,Pullin,hpullinal@macromedia.com,3,9 Summit Street,yes
18514954,Norine,Fowles,nfowlesam@earthlink.net,18,9471 Melby Street,no
31775028,Jock,Laurentin,jlaurentinan@google.co.uk,11,385 Warrior Pass,yes
21724060,Tyne,Byles,tbylesao@issuu.com,6,51822 Waywood Alley,yes
13042633,Constantine,Dollard,cdollardap@nba.com,23,65 Graceland Pass,yes
30590455,Michaella,McKleod,mmckleodaq@amazon.co.jp,25,6347 Toban Lane,no
23058660,Seana,Codner,scodnerar@qq.com,2,73421 Gateway Plaza,pending
23215869,Aaren,Paulat,apaulatas@businessinsider.com,14,769 Rowland Road,no
26469229,Rafaelita,Scyner,rscynerat@pbs.org,7,200 Karstens Court,pending
25154489,Natalya,Tolomei,ntolomeiau@google.de,1,35 Rieder Way,no
24921241,Skippie,Ayris,sayrisav@google.com.au,1,392 Meadow Vale Alley,yes
13427837,Selestina,Mulbery,smulberyaw@archive.org,18,512 Mandrake Trail,pending
14358429,Kenon,Plunkett,kplunkettax@dot.gov,18,133 8th Street,yes
23036052,Leelah,McCauley,lmccauleyay@fda.gov,21,85 Farwell Crossing,pending
18879888,Carlie,Bickardike,cbickardikeaz@adobe.com,18,5196 Bartillon Court,pending
17694890,Auroora,Mallebone,amalleboneb0@amazon.co.uk,2,79 Derek Point,yes
16973292,Naoma,Garrison,ngarrisonb1@phpbb.com,7,5893 Melrose Junction,pending
26119368,Luise,Palleske,lpalleskeb2@people.com.cn,10,7091 Summerview Place,yes
27644830,Kira,Heditch,kheditchb3@xrea.com,6,7758 Huxley Pass,yes
20301370,Zandra,Manifold,zmanifoldb4@jimdo.com,7,698 Lawn Place,no
20498756,Denice,Bucksey,dbuckseyb5@indiatimes.com,22,4 Forest Parkway,yes
14133792,Mycah,Snodin,msnodinb6@1und1.de,22,69859 Pleasure Way,pending
20065741,Jenica,Emmanuel,jemmanuelb7@trellian.com,12,3056 Bartillon Pass,pending
19771927,Marcellina,MacAndie,mmacandieb8@hostgator.com,8,1 Welch Point,yes
23468609,Gram,Wildbore,gwildboreb9@shutterfly.com,6,06 Calypso Avenue,yes
27082928,Patrizia,Robotham,probothamba@163.com,17,14 Lake View Center,pending
24107637,Jodee,Cordel,jcordelbb@flavors.me,17,3 Talmadge Drive,no
23810242,Netta,Boyington,nboyingtonbc@odnoklassniki.ru,4,385 Becker Avenue,yes
16509254,Tamma,Schmuhl,tschmuhlbd@over-blog.com,6,1 Arkansas Terrace,yes
18065574,Ceil,Goscar,cgoscarbe@scribd.com,3,5 Clove Circle,yes
18454195,Lesley,Mantripp,lmantrippbf@dropbox.com,22,8877 Scofield Drive,no
20983874,Daffie,Lyford,dlyfordbg@yahoo.com,2,4 Toban Circle,pending
13104959,Allistir,Emberton,aembertonbh@ox.ac.uk,3,3 Continental Plaza,pending
28933292,Flin,Fairall,ffairallbi@ftc.gov,5,253 Texas Trail,yes
23202220,Mario,Lamasna,mlamasnabj@bloomberg.com,9,89 Gina Drive,no
21765869,Angela,Maddison,amaddisonbk@senate.gov,22,72 Moose Trail,pending
15472801,Joeann,Jarnell,jjarnellbl@meetup.com,4,6666 Kingsford Park,yes
13397191,Mavis,Ickovic,mickovicbm@chronoengine.com,7,41892 Caliangt Circle,no
24506434,Selma,Dobrovolny,sdobrovolnybn@yahoo.co.jp,6,4772 Pawling Road,pending
31655658,Sybyl,Kingscote,skingscotebo@forbes.com,24,77842 Dunning Point,pending
18446712,Faustine,Ecles,feclesbp@ifeng.com,2,68704 Porter Trail,pending
16905852,Ellie,Treffrey,etreffreybq@sbwire.com,6,97 Mallard Drive,no
19372162,Elianora,Danielovitch,edanielovitchbr@cafepress.com,16,26276 Fremont Court,pending
26578926,Mattie,Donnison,mdonnisonbs@dropbox.com,2,2038 Superior Place,pending
27649387,Rebekkah,Bullcock,rbullcockbt@spotify.com,23,1 Portage Crossing,pending
18196705,Annalee,Douthwaite,adouthwaitebu@census.gov,4,84 Esker Place,no
25345762,Karlis,Filipic,kfilipicbv@de.vu,16,44665 Arkansas Junction,no
18685390,Terri-jo,Runham,trunhambw@army.mil,9,4 Claremont Way,pending
22786150,Aloise,Casellas,acasellasbx@so-net.ne.jp,4,891 4th Circle,pending
25657340,Hal,Boribal,hboribalby@upenn.edu,9,52450 Cascade Center,yes
15011897,Waldemar,Leates,wleatesbz@msu.edu,1,006 Village Parkway,pending
14883046,Emyle,Lewtey,elewteyc0@paginegialle.it,16,33 Hanson Point,pending
25940482,Nada,Philippault,nphilippaultc1@cnet.com,12,3910 Pankratz Lane,yes
21614817,Krissie,Penn,kpennc2@github.com,2,278 Atwood Point,yes
23501662,Eddy,Cutchie,ecutchiec3@edublogs.org,16,018 Kedzie Street,no
14104927,Justus,Quixley,jquixleyc4@huffingtonpost.com,16,67712 Shopko Plaza,pending
15871092,Margie,Shimman,mshimmanc5@jalbum.net,9,029 Forest Dale Trail,no
14522323,Cassius,Belson,cbelsonc6@nydailynews.com,3,0429 Nobel Street,no
13104560,Trixie,Haseman,thasemanc7@china.com.cn,10,295 Spohn Street,no
31454567,Rachele,Cockayne,rcockaynec8@nsw.gov.au,14,3016 Kedzie Circle,yes
25367869,Allyson,Havenhand,ahavenhandc9@myspace.com,17,29075 Eastwood Avenue,no
17793198,Herb,Zimmermeister,hzimmermeisterca@cyberchimps.com,1,398 Columbus Alley,pending
30066582,Tucker,Hinrichsen,thinrichsencb@washington.edu,13,31 Bunting Park,pending
16787298,Wynnie,Ligertwood,wligertwoodcc@issuu.com,3,51 Vera Pass,no
20964234,Tallou,Franzoli,tfranzolicd@engadget.com,19,07082 Claremont Junction,pending
23438258,Fred,Bassill,fbassillce@joomla.org,9,1381 Clyde Gallagher Center,pending
30323261,Alard,Jennery,ajennerycf@theguardian.com,25,3 Reindahl Plaza,no
21826513,Magdalena,Weatherby,mweatherbycg@patch.com,1,9862 Hansons Center,yes
27365567,Cheslie,Cusack,ccusackch@reverbnation.com,14,7 International Crossing,pending
27255039,Trace,Stanlock,tstanlockci@woothemes.com,23,22308 Mendota Center,no
19490073,Baxter,Raft,braftcj@tumblr.com,24,9 Sage Street,pending
23217800,Zaria,Critch,zcritchck@springer.com,12,2 Lawn Crossing,pending
28539556,Herbie,Tie,htiecl@businessinsider.com,8,1 Myrtle Circle,no
15845766,Sharline,Munkley,smunkleycm@stanford.edu,21,28296 Logan Hill,yes
22942187,Francoise,Litster,flitstercn@elegantthemes.com,15,06 Rockefeller Alley,pending
22731681,Lotte,Seiffert,lseiffertco@artisteer.com,13,2 Clarendon Park,pending
29737426,Idalia,Abrahamovitz,iabrahamovitzcp@imgur.com,14,72 Roth Hill,no
17845191,Domenico,Seage,dseagecq@opera.com,11,1 Stephen Crossing,pending
23813713,Vanya,Snowling,vsnowlingcr@mail.ru,20,546 Norway Maple Way,no
25902455,Carlyn,Pinnington,cpinningtoncs@e-recht24.de,17,3 Sloan Hill,pending
31738628,Neill,Doby,ndobyct@plala.or.jp,4,2 Express Drive,no
16466135,Loella,Taleworth,ltaleworthcu@usnews.com,4,83 Carey Place,pending
18376318,Zorine,De L'Isle,zdelislecv@walmart.com,16,60 Bayside Way,pending
27670302,Elfrieda,Brocking,ebrockingcw@pcworld.com,3,62889 Columbus Hill,pending
29729527,Fredek,Skains,fskainscx@intel.com,20,9 Holy Cross Way,no
21053601,Andrus,Pelman,apelmancy@themeforest.net,21,34348 Dahle Park,yes
24176727,Arline,O' Kelleher,aokellehercz@amazon.com,25,637 Oxford Point,yes
18169419,Roselle,Liveing,rliveingd0@nbcnews.com,4,460 Utah Trail,no
14125583,Newton,Casado,ncasadod1@abc.net.au,13,89659 Hauk Point,yes
31175061,Percival,McGillivrie,pmcgillivried2@bloglovin.com,4,0 Ludington Way,no
30264681,Tamarra,Staton,tstatond3@lycos.com,11,5826 Thompson Circle,pending
16490244,Redd,Benedtti,rbenedttid4@technorati.com,25,5 Hanover Circle,no
27691818,Tomasina,Blackaller,tblackallerd5@smugmug.com,5,251 Oakridge Place,no
21452488,Magda,Schruyer,mschruyerd6@boston.com,20,98 Merry Drive,no
22955199,Lauren,Darte,ldarted7@comcast.net,2,02 Spaight Junction,pending
26652179,Stefania,Elsom,selsomd8@yellowbook.com,17,076 Hoffman Junction,no
23788675,Aurelea,Sambell,asambelld9@nih.gov,10,4 Grasskamp Trail,no
22225374,Kendal,McIlvenny,kmcilvennyda@addthis.com,7,696 Morningstar Park,pending
30740821,Marybelle,Cabena,mcabenadb@hud.gov,11,0 Mccormick Alley,no
30151491,Patton,Kordova,pkordovadc@live.com,23,3 Kinsman Place,yes
16436540,Barn,Jeanet,bjeanetdd@washington.edu,25,49 Merry Center,no
26485139,Davita,Ronaldson,dronaldsonde@independent.co.uk,1,5 Summerview Circle,no
25878710,Penrod,Beauman,pbeaumandf@utexas.edu,15,14579 Alpine Crossing,yes
26029637,Godwin,Caselick,gcaselickdg@lulu.com,25,14715 Surrey Crossing,no
20415305,Aveline,Gulliman,agullimandh@gizmodo.com,16,99395 Hoard Terrace,pending
20949186,Camile,Gianulli,cgianullidi@economist.com,23,6 Randy Alley,pending
19554054,Philly,Gowen,pgowendj@youtu.be,12,01087 Linden Plaza,yes
17903135,Wendell,Griffiths,wgriffithsdk@unc.edu,9,97089 Lien Parkway,no
27518285,Tomas,Storrar,tstorrardl@webeden.co.uk,5,4560 Columbus Alley,no
19318693,Cristie,Huccaby,chuccabydm@trellian.com,5,9545 Bay Trail,pending
21833849,Maximilien,McLaren,mmclarendn@miibeian.gov.cn,8,31149 Cherokee Trail,yes
20706901,Mimi,Youdell,myoudelldo@odnoklassniki.ru,8,1 Novick Pass,no
29356650,Langsdon,Carwithen,lcarwithendp@ocn.ne.jp,13,663 Texas Circle,yes
18368805,Esdras,Keady,ekeadydq@altervista.org,14,8901 Thompson Junction,pending
30580628,Owen,Morling,omorlingdr@google.ru,16,48808 Daystar Point,pending
31747003,Beale,Snoden,bsnodends@qq.com,15,38180 Johnson Drive,no
19193235,Edvard,Hamshar,ehamshardt@dot.gov,18,251 Maple Wood Park,pending
22967828,Griffy,Rishworth,grishworthdu@indiatimes.com,12,38424 Loeprich Street,no