Modelo,asd,Placa,Color,AÃ±o,Kilometraje,rentado,Motor,Precio_renta,Ced_cliente,Fecha_de_entrega
1500 Club Coupe,GMC,WDDEJ9EB0EA511278,Puce,1999,68166,Si,V12,194.12,15294927,18/01/2024
323,Mazda,3CZRE3H5XBG469096,Blue,1994,106915,No,Inline-6,383.78,,
2500,Chevrolet,2G4GS5EV4D9012377,Mauv,2000,175282,Si,V12,345.13,28664417,11/05/2024
VUE,Saturn,WA1AY94L58D573951,Aquamarine,2007,66639,No,Inline-6,323.75,,
Escape,Ford,WDDGF4HBXEG605996,Crimson,2008,185575,No,V8,242.71,,
Elise,Lotus,3N1AB6AP8BL835172,Khaki,2008,126802,No,Inline-6,207.75,,
Savana 3500,GMC,WBALW7C52DD394012,Red,2010,219274,No,V8,373.11,31775209
Sierra 3500,GMC,5UXKR0C56E0246126,Yellow,2010,115638,No,V12,151.83,,
3000GT,Mitsubishi,WAUMFAFR0FA126290,Purple,1993,218961,Si,V8,255.36,26644226,12/06/2024
Cirrus,Chrysler,3C6LD5AT3CG867830,Indigo,1996,219296,No,V12,489.19,,
Century,Buick,1GYS3EEJ9DR455830,Violet,2003,122238,No,Inline-4,84.34,,
Brat,Subaru,1G6KD57Y28U891518,Goldenrod,1985,207562,Si,V6,389.21,20900127,05/04/2024
Jetta,Volkswagen,JTMHY7AJ6B4569572,Aquamarine,1997,193916,No,V8,370.31,,
Suburban 2500,Chevrolet,JN8CS1MW9EM476750,Indigo,2002,162139,Si,Inline-4,214.8,13919279,08/04/2024
EX,Infiniti,WAUKF68E45A155269,Teal,2008,243300,Si,V12,288.85,14409412,04/10/2024
Grand Marquis,Mercury,2T1BU4EE1CC670644,Teal,1984,122865,No,V6,375.01,,
GTI,Volkswagen,WBADW3C56DE957893,Pink,1988,243851,Si,V8,101.75,22987603,21/12/2023
truenopajaro,Pontiac,WAUDC68D31A776795,Puce,1984,25895,No,V8,341.41,
thunderbird,Ford,WAUML64B84N475408,Blue,2006,4012,Si,V8,238.74,20269081,06/05/2024
Rodeo Sport,Isuzu,KNAFU6A22B5239957,Aquamarine,2003,47474,No,V8,166.52,,
M3,BMW,1G6DH577580402234,Green,1995,170573,Si,V12,457.94,16073050,02/04/2024
GT500,Ford,3D4PG4FB4AT440613,Fuscia,2008,74915,No,V8,90.77,,
6 Series,BMW,SCBDC47L67C153056,Mauv,2004,169772,Si,V12,143.35,23179354,27/08/2024
Crown Victoria,Ford,WAUDFAFL9FN832937,Green,2007,183085,Si,V8,75.93,12895039,12/01/2024
C30,Volvo,JM1NC2LF3F0096336,Khaki,2011,34576,No,Inline-4,54.95,,
xD,Scion,WBANB53516C608179,Aquamarine,2011,157702,No,V12,240.88,,
Corvette,Chevrolet,2G4GU5GV6C9582354,Indigo,1962,20365,No,V6,278.2,,
Endeavor,Mitsubishi,19UUA56743A874285,Yellow,2004,217831,Si,Inline-6,312.51,13178036,28/12/2023
tC,Scion,WAUEF78EX8A946915,Yellow,2012,119510,Si,Inline-4,332.66,16582250,06/09/2024
626,Mazda,1D7RV1CP0BS536161,Aquamarine,1993,41760,No,V12,176.62,,
Windstar,Ford,WBAGG834X1D566309,Orange,1995,82980,No,Inline-6,160.4,,
Yukon XL 1500,GMC,WAUMFAFL7CA698156,Red,2004,169044,No,V12,201.53,,
Suburban 1500,Chevrolet,3N1CE2CP6FL926792,Turquoise,2011,33541,No,Inline-6,383.96,,
Element,Honda,KNDPB3AC5E7196115,Yellow,2003,107731,Si,V12,224.91,11896126,05/02/2024
Town Car,Lincoln,KNAFX5A87F5758384,Pink,1985,125500,Si,V6,367.91,24218945,17/07/2024
Ram 1500 Club,Dodge,1G6AB5RA5D0909691,Red,1998,50738,Si,Inline-4,298.8,22035970,07/04/2024
Tundra,Toyota,JN1BY1PR5FM562301,Orange,2012,211617,Si,Inline-6,385.57,18245876,10/07/2024
Sportvan G20,Chevrolet,1GD312CG9CF066025,Green,1994,90972,No,V8,188.07,,
C30,Volvo,1GYFK63898R399405,Pink,2010,78150,No,Inline-6,79.55,,
LeSabre,Buick,WBAVB73547K063792,Goldenrod,2002,70106,No,Inline-6,466.32,,
Borrego,Kia,1G6YV36A965901744,Teal,2009,106964,Si,V6,164.09,23661058,02/05/2024
Mini Cooper S,Austin,TRUB3AFK5C1691688,Maroon,1963,143674,Si,V8,445.56,12883373,21/03/2024
Suburban 2500,GMC,1C4RDJEGXEC158794,Blue,1998,183242,No,Inline-6,307.4,,
Astro,Chevrolet,JH4CW2H61CC081561,Pink,1993,184505,Si,Inline-6,244.04,13412076,07/12/2023
MX-5,Mazda,WBA3B9G5XFN106140,Pink,1991,120971,Si,Inline-6,236.49,14544646,19/09/2024
H1,Hummer,JN1AZ4EH5FM939309,Fuscia,1994,205098,No,Inline-6,204.39,,
Century,Buick,3C63D3HL7CG692590,Pink,1988,240226,No,V6,138.29,,
Azure,Bentley,4T1BK1EB6EU182060,Green,2010,62001,No,Inline-4,491.81,,
Avalanche 1500,Chevrolet,JM1DE1HYXB0198625,Goldenrod,2002,134680,No,Inline-6,232.92,,
Montero,Mitsubishi,1FTSW2A55AE393234,Teal,2006,153348,Si,V8,156.75,26768745,15/01/2024
Nuova 500,Fiat,WAUML64BX2N863558,Violet,2012,40174,No,V8,161.0,,
Sentra,Nissan,1FAHP2D85FG120019,Blue,1993,226513,Si,Inline-6,104.44,19264641,24/05/2024
RX,Lexus,3VW4A7AT7DM363573,Turquoise,2011,220472,No,Inline-4,97.38,,
Outback,Subaru,3VWKX7AJ8BM384935,Pink,2010,202571,No,Inline-4,332.59,,
IS,Lexus,3D7TP2CT7BG016209,Aquamarine,2011,69418,Si,V8,67.23,32736013,24/09/2024
Cayman,Porsche,2G4WC582781417177,Violet,2011,12486,No,V12,67.3,,
HHR Panel,Chevrolet,1ZVBP8AN8A5850280,Puce,2006,170856,No,Inline-6,181.59,,
Accent,Hyundai,2G4GK5EX7F9367385,Turquoise,1999,135564,Si,V8,494.15,32712047,14/01/2024
Sebring,Chrysler,1HGCR2F31DA034370,Blue,2003,219953,No,V8,286.25,,
Malibu,Chevrolet,1G4HR54K614347792,Maroon,2011,227322,Si,Inline-4,174.41,12031063,07/03/2024
Murano,Nissan,WAUGL98E97A793343,Purple,2012,174972,No,V8,380.0,,
Cabriolet,Audi,JTDBT4K3XCL791736,Pink,1998,27734,Si,V8,128.29,29084559,02/03/2024
Tacoma,Toyota,1GTN2TEH7FZ644910,Blue,2011,107893,No,V8,417.58,,
9-3,Saab,1FMNE1BW1AD831380,Puce,2012,42107,No,Inline-6,334.78,,
Cougar,Mercury,5GAKRCED8CJ388641,Pink,1989,48601,Si,Inline-4,308.5,19946723,24/06/2024
TT,Audi,1GYS3CEF9CR803589,Indigo,2010,49959,Si,V12,469.92,14896266,02/07/2024
Mirage,Mitsubishi,WBANA53594B908042,Khaki,1999,62438,No,Inline-4,372.42,,
Legacy,Subaru,JA32U2FU5EU353299,Indigo,2006,148801,No,V8,318.09,,
Accent,Hyundai,5FPYK1F22EB550392,Teal,2010,106622,Si,V6,463.25,24787531,19/01/2024
Matrix,Toyota,5N1AZ2MH6FN790059,Pink,2006,205446,No,Inline-6,79.03,,
E250,Ford,JTHDU1EFXC5855903,Red,2009,208902,Si,V8,119.58,16812325,18/01/2024
Esprit,Lotus,WAUJC68E32A472055,Pink,1991,66084,Si,Inline-4,451.92,19781403,30/04/2024
Corolla,Toyota,WBANN73537B324501,Green,2006,52043,No,V6,470.0,,
Camry,Toyota,4T1BF1FK0EU618968,Goldenrod,2010,235345,Si,V6,305.06,30440280,29/04/2024
Tacoma,Toyota,2C3CDXBG6CH313420,Violet,2002,124822,Si,Inline-6,286.14,32439555,04/10/2024
Miata MX-5,Mazda,WA1VFBFL0EA388425,Fuscia,1996,65564,No,V12,362.33,,
CX-7,Mazda,KNAFT4A26C5825019,Pink,2010,79857,No,Inline-4,241.18,,
430,Maserati,WAUKD98P66A351269,Green,1991,89880,No,V6,420.4,,
Sorento,Kia,5GAKRAKD2FJ099803,Violet,2009,4915,No,V6,397.79,,
Stanza,Nissan,KNALN4D79E5490748,Orange,1992,89324,No,Inline-6,456.48,,
911,Porsche,2C4JRGAG4ER068295,Aquamarine,2003,215428,Si,V12,234.64,28140014,23/10/2024
B-Series,Mazda,1G6DP1EDXB0810904,Orange,2000,223013,No,Inline-4,100.34,,
Envoy,GMC,WAUGL98E86A745024,Purple,2002,152083,Si,Inline-4,307.61,14279461,21/08/2024
X6,BMW,WDDNG7BB5AA702826,Indigo,2008,19992,No,Inline-6,405.3,,
Tredia,Mitsubishi,JN8AZ1MUXDW471478,Violet,1988,122693,No,Inline-4,367.56,,
B-Series Plus,Mazda,WP0AB2A82FK824657,Turquoise,1999,9810,Si,Inline-6,361.59,11198302,03/12/2024
XT,Subaru,1GYS3CEFXER510481,Violet,1986,168502,Si,V8,210.09,23461395,25/04/2024
Imperial,Chrysler,5NPDH4AE1BH899419,Teal,1993,13712,No,Inline-4,274.14,,
Ram 3500,Dodge,19UYA41723A722024,Purple,2000,93243,Si,Inline-4,115.14,27118114,10/12/2023
Santa Fe,Hyundai,ZHWGU5BZ4DL017715,Puce,2005,5656,No,V12,318.4,,
Sentra,Nissan,5GNRNJEE5A8812139,Aquamarine,1995,156321,No,V8,141.83,,
TrailBlazer,Chevrolet,WAUCFAFH9CN959643,Puce,2007,178523,Si,V6,164.66,15996298,05/01/2024
Grand Cherokee,Jeep,2C3CCAGG0FH318271,Indigo,1995,39234,No,V8,124.19,,
3500 Club Coupe,GMC,1G6DA67V090909004,Puce,1992,232477,Si,Inline-6,87.3,16339868,30/07/2024
Range Rover,Land Rover,WVGAV7AX3FW264812,Blue,2003,97016,Si,V8,131.67,31245906,03/07/2024
Tacoma,Toyota,WP0AA2A86AU436704,Violet,2005,75584,No,V12,451.53,,
Silhouette,Oldsmobile,WAUDF98E96A362770,Indigo,2002,53679,Si,V8,471.63,24035393,12/07/2024
Justy,Subaru,5J8TB4H52EL351126,Pink,1987,249719,No,V6,200.91,,
Fit,Honda,19XFB4F20FE202440,Blue,2007,147962,No,Inline-4,330.42,,
Armada,Nissan,WBA3A9G54FN035164,Orange,2009,81975,No,V8,353.04,,
Tundra,Toyota,WVWED7AJ1DW883037,Teal,2009,966,No,V12,138.15,,
Charger,Dodge,3FADP4AJ8EM217995,Crimson,2006,140949,Si,Inline-6,448.56,29939491,17/11/2024
Celica,Toyota,5GAER137X8J212812,Khaki,2000,202405,No,Inline-6,240.45,,
Camry,Toyota,1ZVBP8AM4E5369682,Fuscia,2006,154538,No,V6,287.59,,
G6,Pontiac,WAUXU64B53N303071,Puce,2008,96611,No,Inline-6,405.72,,
S40,Volvo,2C3CDXFG6EH659500,Violet,2004,227671,Si,Inline-6,186.67,31711105,31/05/2024
J,Infiniti,WBA5M0C57ED771568,Turquoise,1994,86008,Si,Inline-6,467.58,11523029,28/01/2024
Ram Van 3500,Dodge,WBAUC73548V732944,Goldenrod,2001,68566,Si,V8,107.8,30903393,06/08/2024
F250,Ford,SCFAB02E29G273826,Aquamarine,1995,16749,No,V8,477.12,,
Q,Infiniti,WA1VMAFE6BD030595,Red,2002,104275,No,V6,459.37,,
Prius v,Toyota,1G6DL5E39D0433480,Aquamarine,2012,105875,No,V12,259.24,,
LFA,Lexus,1GYUKFEJ1AR488463,Indigo,2012,213943,Si,Inline-4,384.6,24491552,06/03/2024
Astro,Chevrolet,1N6AA0CH1EN415693,Fuscia,2002,99369,Si,Inline-6,137.36,16287725,02/04/2024
Cougar,Mercury,YV126MFJXF1946716,Puce,1994,52380,Si,Inline-6,377.13,31682709,17/10/2024
xD,Scion,WAU3VAFR3CA648325,Blue,2008,64559,Si,V6,495.92,19235097,17/02/2024
Sierra 3500,GMC,WDDHF0EB4EB761126,Violet,2001,148057,Si,V6,331.24,28368631,21/09/2024
Savana 2500,GMC,1D7CW2BK2AS788877,Violet,2000,68977,Si,V6,110.27,14643781,24/07/2024
Corvette,Chevrolet,WAUSH98E56A262019,Green,1953,143027,No,V12,184.97,,
Passport,Honda,1FTEW1E81AK069713,Fuscia,2000,120559,Si,V6,103.67,18978609,17/06/2024
Achieva,Oldsmobile,WAURMAFD7EN271656,Mauv,1993,91585,Si,V12,173.93,28677175,11/04/2024
Continental,Bentley,1G6DK5EVXA0043617,Pink,2012,182348,No,Inline-6,274.68,,
Accord,Honda,5N1AT2ML1FC998240,Aquamarine,1989,78040,No,V12,275.81,,
GS,Lexus,1G4PS5SK3F4125155,Purple,2013,34818,No,V12,253.58,,
EX,Infiniti,1GYS4LKJ0FR679738,Green,2008,129705,No,Inline-4,436.17,,
riolet,Audi,WVGAV3AXXEW385425,Violet,1995,146725,No,Inline-4,91.39,,
Suburban 2500,GMC,WBAYF8C58FD476499,Violet,1992,190996,No,V12,474.3,,
Outlander Sport,Mitsubishi,3VWKX7AJ7BM612598,Indigo,2012,85327,No,V12,371.84,,
IS-F,Lexus,WAUKF98E08A683459,Yellow,2008,155274,Si,V6,470.54,26966241,18/05/2024
V8 Vantage,Aston Martin,1G6DK67V790493806,Fuscia,2006,238784,No,V8,490.32,,
960,Volvo,JA4AS2AW2DU506953,Blue,1997,78562,No,V8,308.63,,
Accord,Honda,3C3CFFAR4FT068491,Indigo,1994,236930,Si,Inline-4,436.62,17075976,02/09/2024
Milan,Mercury,3D73M4CL9AG973203,Crimson,2007,33736,No,V12,159.29,,
S-Class,Mercedes-Benz,1G6DV1EP5F0454738,Mauv,2012,239772,Si,V12,427.65,30169280,22/08/2024
Sidekick,Suzuki,5N1AN0NW0DN033703,Violet,1992,80152,Si,Inline-4,250.89,16761350,28/07/2024
MDX,Acura,1N6AA0CC0BN151169,Khaki,2001,71393,Si,Inline-4,363.64,27408612,03/11/2024
911,Porsche,KMHHT6KD4AU403529,Orange,2004,92793,No,Inline-4,94.17,,
Cutlass Supreme,Oldsmobile,SCBZK22E91C914160,Purple,1993,186429,No,Inline-6,105.25,,
XC70,Volvo,WBABS33423P768428,Khaki,2006,41145,Si,Inline-6,463.59,22632053,19/04/2024
Exige,Lotus,1G6YV36AX75333523,Green,2006,84572,Si,V8,473.17,13262901,04/04/2024
Venza,Toyota,SCFAD01A77G269891,Maroon,2013,191288,No,V8,257.6,,
Montero,Mitsubishi,3VW4S7AT6EM152508,Indigo,2001,73700,Si,V6,257.99,30460165,29/09/2024
Explorer Sport Trac,Ford,KNAGM4A74B5596139,Violet,2010,151650,No,V12,84.56,,
Express 3500,Chevrolet,1C3BCBEB8CN202912,Red,1998,170770,No,V6,388.84,,
Dakota Club,Dodge,WBABW53474P271313,Mauv,1993,157214,No,V8,103.53,,
i-370,Isuzu,3C6TD5NT4CG870942,Puce,2008,55854,No,Inline-4,477.65,,
Town Car,Lincoln,JN1CV6EK4BM807079,Blue,1992,71694,No,V6,498.65,,
XK Series,Jaguar,WAUFMBFCXEN781953,Green,2003,179997,Si,V6,185.35,25944853,13/12/2023
350Z,Nissan,1D7RV1GP2AS277858,Red,2003,180923,No,Inline-4,339.58,,
RX,Lexus,1C3CDWEAXCD927742,Aquamarine,2007,105099,Si,Inline-6,434.44,11201307,06/09/2024
4000s,Audi,WAUEL94F45N185967,Aquamarine,1986,196886,Si,Inline-6,499.71,13176426,30/05/2024
Bravada,Oldsmobile,WBAYB6C50FG574554,Orange,1997,98718,Si,Inline-4,472.95,23818848,01/10/2024
SJ,Suzuki,WAUEF98E68A606995,Purple,1985,195993,No,Inline-4,369.37,,
Caravan,Dodge,1GYEC638X8R713328,Fuscia,2001,160296,Si,V6,76.38,21683102,12/03/2024
Mariner,Mercury,2G61S5S35D9075567,Red,2007,84760,Si,V6,139.21,17038650,08/08/2024
Highlander,Toyota,WBAYA8C51FD648466,Crimson,2007,42290,No,Inline-4,327.23,,
5 Series,BMW,3D7TT2HT2AG344317,Orange,2007,139218,Si,V6,369.81,15741755,21/12/2023
Town & Country,Chrysler,WAUMFAFL8DN111411,Puce,1993,26420,Si,V6,83.7,32284105,29/07/2024
CX-7,Mazda,1GD12ZCG4CF546552,Purple,2012,40410,Si,Inline-4,210.54,26838344,13/02/2024
GTO,Pontiac,SCBDU3ZA0CC292029,Crimson,2006,205283,No,V12,219.92,,
XC70,Volvo,YV1612FHXE2227847,Turquoise,2007,122444,Si,V12,293.47,17905857,29/10/2024
3000GT,Mitsubishi,JTDJTUD33ED415496,Yellow,1998,44668,Si,V12,486.27,21491207,05/04/2024
Forester,Subaru,2T2BK1BA2DC828024,Violet,2010,199958,Si,V8,303.59,16321581,07/10/2024
Corolla,Toyota,5NPDH4AE0CH638882,Crimson,2001,128151,Si,V12,259.77,20622704,31/07/2024
Charger,Dodge,3GYFNBE30CS126778,Khaki,1970,198357,Si,Inline-4,109.37,24336607,09/11/2024
GS,Lexus,3VW507AT7EM317752,Pink,2008,158397,Si,V12,426.93,28713969,19/10/2024
Sportage,Kia,3N6CM0KN6DK875895,Yellow,2006,245750,No,Inline-4,184.76,,
Ram 1500,Dodge,2HNYB1H68DH086987,Orange,1997,120252,Si,V12,364.05,13136055,11/04/2024
RX-8,Mazda,1GT022CG9EF521379,Aquamarine,2010,176097,No,Inline-4,169.45,,
Magnum,Dodge,1GD010CG0BF986891,Green,2005,25777,No,V6,387.4,,
Silhouette,Oldsmobile,1FMJK1JT8FE571706,Crimson,2001,154543,Si,V8,315.71,21927934,20/08/2024
DeVille,Cadillac,1G6AB5R39D0335050,Yellow,1995,60194,Si,V12,55.96,26473260,06/11/2024
300E,Mercedes-Benz,3GYEK62N54G886713,Maroon,1993,169631,No,Inline-6,356.22,,
QX,Infiniti,1C3BCBGG6CN573429,Fuscia,2001,160167,Si,V6,85.35,16368289,05/11/2024
62,Maybach,JM1DE1HY9B0448145,Orange,2005,187508,Si,Inline-4,320.94,23171062,16/04/2024
Century,Buick,5FNRL5H21EB668156,Fuscia,1987,13519,Si,V6,361.93,30869511,05/02/2024
Mariner,Mercury,1FTNF1E87AK919781,Crimson,2008,157296,No,V8,391.73,,
Seville,Cadillac,5UXZV4C53BL562613,Purple,1995,236527,Si,V8,343.25,25391048,02/11/2024
LTD Crown Victoria,Ford,WAUVC58E34A132161,Pink,1987,229013,No,V8,50.07,,
Corvette,Chevrolet,WAUVT64B33N714656,Indigo,1972,57515,No,V8,429.48,,
900,Saab,WP0CA2A80ES648508,Red,1988,79932,Si,Inline-6,384.2,32860977,06/02/2024
Cougar,Mercury,1C4NJPBA5DD093551,Goldenrod,1985,121029,Si,V6,483.18,12830996,10/06/2024
Escalade,Cadillac,TRUTC28N821846735,Teal,2005,148828,Si,V6,479.14,20566544,23/05/2024
NSX,Acura,WBAKE5C56BE160756,Crimson,1995,84519,Si,V6,209.43,18192950,12/07/2024
Sierra 3500,GMC,5UXZW0C51BL568299,Purple,2001,247980,No,Inline-4,114.71,,
100,Audi,1G6DK8ED3B0456117,Blue,1989,30296,No,Inline-4,370.47,,
Excursion,Ford,2T1KU4EEXDC327168,Blue,2002,192965,No,Inline-6,281.77,,
G35,Infiniti,3VW507AT3EM463341,Indigo,2003,105404,Si,Inline-4,71.67,24766753,08/08/2024
Savana,GMC,WAUKFAFL0DN026859,Purple,2007,166342,No,V8,495.22,,
TundraMax,Toyota,WDDJK7DA9EF858006,Aquamarine,2009,77617,No,V12,157.05,,
Neon,Plymouth,WA1WKBFP4AA746218,Pink,2000,13559,No,V8,245.39,,
LTD,Ford,WUAUUAFG1EN864892,Orange,1984,210558,No,Inline-4,139.51,,
CLK-Class,Mercedes-Benz,3GYFNKE6XBS716043,Yellow,2001,32465,No,Inline-6,471.0,,
Viper,Dodge,JN1AZ4EH5BM813056,Violet,2004,148671,No,Inline-4,181.2,,
Cabriolet,Volkswagen,3GYFNGE31CS053384,Fuscia,1995,79571,No,V12,141.71,,
Continental,Bentley,JHMZF1D61ES029155,Yellow,2005,181030,No,Inline-6,234.15,,
Sportage,Kia,5N1AA0NC7BN593653,Puce,2001,56101,Si,Inline-4,267.42,27815833,14/01/2024
Esperante,Panoz,1GYFC26219R834237,Maroon,2005,39930,No,Inline-4,395.18,,
E-Class,Mercedes-Benz,WBABN53473J033921,Pink,1987,54841,Si,V12,54.42,21128061,19/01/2024
SC,Lexus,3D73M4EL0AG779981,Orange,2002,63300,Si,Inline-4,386.35,29057951,17/09/2024
Ram Van 1500,Dodge,WA1CGBFE5BD829563,Turquoise,1999,82683,No,Inline-6,215.71,,
Mariner,Mercury,SCFFDAAE2CG107661,Orange,2005,242957,No,V12,404.34,,
Soul,Kia,5FRYD4H27GB996928,Pink,2012,18944,Si,V6,205.04,13179583,03/09/2024
Thunderbird,Ford,1N6AF0LX2EN332699,Crimson,2004,39614,No,Inline-6,204.03,,
New Yorker,Chrysler,4F2CY0C77AK435487,Violet,1995,36051,No,V6,459.57,,
Outback,Subaru,WAUMGAFL3DA820154,Violet,2002,81593,No,V8,283.22,,
SLK-Class,Mercedes-Benz,JTJBARBZXF2482458,Blue,1999,207054,Si,Inline-6,299.97,20678717,24/10/2024
Alcyone SVX,Subaru,WAULT68EX5A390966,Fuscia,1992,174558,No,V8,228.71,,
Astra,Saturn,WVGAV3AX3EW011934,Purple,2009,160335,No,Inline-4,444.06,,
Crown Victoria,Ford,JHMZF1D47CS291743,Crimson,2004,35303,No,Inline-6,479.99,,
Savana 1500,GMC,WBAWR3C52AP364757,Yellow,2007,207400,No,V8,242.55,,
Sable,Mercury,JTHFE2C25D2608481,Pink,2003,80003,No,V12,482.81,,
911,Porsche,WBAPK7C56BA037685,Maroon,1990,12594,No,Inline-6,121.44,,
Terraza,Buick,WAUKH98E38A288279,Pink,2007,24862,No,Inline-6,344.14,,
612 Scaglietti,Ferrari,WA1LGAFE9FD644805,Orange,2006,199619,No,V8,222.5,,
Equus,Hyundai,1HGCR2E30DA374756,Red,2012,93277,No,Inline-4,391.91,,
Grand Prix,Pontiac,JTEBU4BF4BK998176,Purple,1981,21505,No,V6,316.68,,
3000GT,Mitsubishi,KMHFH4JG7FA583784,Maroon,1994,64325,No,Inline-6,495.27,,
626,Mazda,WP1AA2A2XCL115264,Red,1984,191425,Si,Inline-4,275.31,23617507,07/04/2024
5 Series,BMW,WBAAV53481F919452,Maroon,2007,11837,No,Inline-6,55.98,,
Terrain,GMC,WBAEH73435B239685,Yellow,2011,105592,No,V6,270.38,,
Armada,Nissan,5N1AA0NE6EN070193,Green,2010,120104,Si,V8,301.76,11678010,29/02/2024
Mazda5,Mazda,JTDKTUD36ED706210,Turquoise,2012,222212,No,V6,248.37,,
Tacoma,Toyota,1G6DV1EP2D0867620,Orange,1995,201527,Si,V6,457.77,32163043,30/03/2024
S4,Audi,1GD020CG3DZ025538,Violet,2013,46068,Si,Inline-4,429.88,18835619,06/07/2024
Thunderbird,Ford,JM3KE2BE7D0336692,Yellow,1992,233233,No,Inline-4,415.38,,
Cherokee,Jeep,5LMJJ3H57CE533949,Goldenrod,1992,239336,No,V8,203.93,,
Firefly,Pontiac,1FTSX2A59AE281940,Maroon,1986,107984,No,V6,184.79,,
Gallardo,Lamborghini,SAJWA0FB4BL016592,Teal,2005,181784,Si,V12,367.45,30574817,18/05/2024
Sunfire,Pontiac,JH4DC54804S521153,Crimson,2000,199974,Si,Inline-6,70.36,14492169,19/01/2024
MPV,Mazda,WA1MYAFE0AD070833,Purple,2005,93577,Si,V12,126.39,19685556,18/04/2024
F250,Ford,5XXGM4A74CG898868,Teal,2005,66143,No,V8,387.66,,
Grand Prix,Pontiac,JA32U1FU4DU994517,Red,1962,163976,Si,V8,266.75,13152843,24/12/2023
Pajero,Mitsubishi,1G6AB5SA6F0722649,Orange,2001,22377,No,Inline-4,275.27,,
Q5,Audi,WAUWGAFC4FN503410,Turquoise,2011,205885,No,V8,376.32,,
Dakota,Dodge,WAUNF78P27A371418,Violet,1998,152060,Si,Inline-6,455.68,27280632,24/05/2024
Elantra,Hyundai,3GYEK63N23G436790,Crimson,2011,90259,Si,Inline-4,72.44,13952305,21/04/2024
Sundance,Plymouth,KMHTC6AD6CU187150,Indigo,1994,26396,No,V12,471.91,,
911,Porsche,1FMCU5K36AK682810,Mauv,2003,69037,Si,V8,89.87,28961615,21/11/2024
Diamante,Mitsubishi,1G6DP5ED1B0859352,Crimson,1999,97480,Si,V12,217.83,22669934,30/09/2024
Continental,Bentley,WAUCFAFR9FA946542,Goldenrod,2007,83267,No,Inline-6,484.56,,
Space,Isuzu,JN1AZ4EH9FM088633,Purple,1993,98349,Si,V6,325.33,13458512,04/03/2024
Sedona,Kia,1FMJK1H52BE475295,Maroon,2009,3105,No,V6,277.8,,
Paseo,Toyota,5GAKVBKD0EJ429423,Yellow,1995,4555,No,Inline-6,317.13,,
Prius,Toyota,WAUFMAFC8EN550544,Orange,2004,125698,No,V12,119.59,,
CX-9,Mazda,5GNRNHEE0A8570062,Blue,2012,144658,No,Inline-6,83.34,,
Fortwo,Smart,1G6AB1R31F0611488,Aquamarine,2011,154785,No,Inline-6,238.46,,
Suburban 2500,Chevrolet,3VWF17AT0FM531792,Green,2004,53284,Si,V8,402.79,11959218,16/07/2024
MKS,Lincoln,WBAWR33577P459176,Mauv,2009,42584,Si,Inline-4,219.75,13356002,17/02/2024
Tiburon,Hyundai,KNAGN4AD5F5804795,Puce,2004,40453,Si,V12,175.42,19968195,27/03/2024
Intrigue,Oldsmobile,SCBDP3ZA6AC731657,Mauv,2002,139436,No,V12,265.41,,
80,Audi,2C3CCAGG0EH691826,Orange,1989,28222,Si,V6,248.53,12826594,03/01/2024
Thunderbird,Ford,3VWKZ7AJ9BM451942,Khaki,1986,45512,Si,Inline-6,396.19,12504707,09/11/2024
M3,BMW,JN8AZ2KR4CT968336,Mauv,1995,242141,No,V6,161.79,,
tC,Scion,WAUJC68E85A418173,Maroon,2012,7635,No,V12,221.4,,
Regal,Buick,WAUEF78E58A429053,Pink,1995,151225,No,V8,210.41,,
Type 2,Volkswagen,WBA1F9C50FV804211,Maroon,1988,129094,Si,Inline-4,304.77,31660531,22/10/2024
E350,Ford,JH4CU4F4XBC401171,Puce,2011,167259,Si,V8,134.96,28655162,20/12/2023
3500,Chevrolet,1C3CCBCB4CN738506,Fuscia,1992,39002,Si,Inline-4,294.01,13399013,28/02/2024
Grand Prix,Pontiac,1G6KD57Y19U566442,Indigo,2003,209461,No,Inline-6,360.97,,
X5,BMW,4JGBF2FB0AA307042,Crimson,2006,20319,Si,Inline-4,223.45,26020743,12/09/2024
LX,Lexus,WAUMR44E37N097225,Blue,2013,151826,No,Inline-4,376.29,,
Continental Flying Spur,Bentley,JTHKD5BH9C2740635,Turquoise,2007,43835,No,Inline-6,260.07,,
Previa,Toyota,2C4RDGCG7CR234188,Violet,1992,136979,No,V8,354.89,,
Vision,Eagle,1G6AE5SX4E0886914,Red,1993,28909,Si,V12,312.7,20579017,03/01/2024
6 Series,BMW,WAUBFAFL6DA971032,Yellow,2004,47639,Si,Inline-6,95.52,20865855,15/08/2024
Neon,Plymouth,1G6AA5RX7D0698453,Mauv,2001,46490,No,Inline-6,192.5,,
Accord,Honda,1G6DJ1E38D0217800,Yellow,2009,75509,No,V12,110.11,,
Continental GTC,Bentley,WVWED7AJ7CW330858,Purple,2009,66539,No,Inline-4,155.26,,
Fifth Ave,Chrysler,WBAPT73588C276133,Aquamarine,1992,125566,Si,V6,350.49,25807084,18/02/2024
Ram 1500,Dodge,3D7TP2CT8AG689007,Red,2006,199196,No,V6,205.8,,
Edge,Ford,SCFBF04B38G731030,Pink,2008,22352,No,V8,409.03,,
IS,Lexus,4T1BF1FK5EU765688,Turquoise,2003,3415,No,V6,219.7,,
Nubira,Daewoo,WAUJT68E05A249492,Turquoise,2000,244806,Si,V6,321.55,14252444,12/10/2024
Mountaineer,Mercury,WVWGU7AN1BE340849,Maroon,2000,231518,Si,Inline-6,230.74,24801098,21/02/2024
TT,Audi,2FMDK3AK5DB205548,Teal,2000,60046,No,Inline-4,152.34,,
Camaro,Chevrolet,2G4WE587571400043,Green,1972,20208,No,V12,147.57,,
Mustang,Ford,4T1BF3EK4AU861321,Aquamarine,1991,90043,Si,V8,195.28,12213913,07/05/2024
HS,Lexus,JHMZF1C6XFS559014,Puce,2012,87899,Si,Inline-4,61.88,29828981,29/07/2024
Navigator,Lincoln,5NPET4AC4AH803430,Mauv,2008,206564,Si,V6,179.38,29584798,22/07/2024
Cooper Countryman,MINI,KMHHT6KD1AU532733,Red,2011,228287,No,V12,247.41,,
Escape,Ford,19UUA56761A847621,Yellow,2005,72415,Si,V8,213.05,31902056,12/09/2024
323,Mazda,WAUXD68D41A547164,Indigo,1993,150784,No,Inline-6,298.36,,
2500 Club Coupe,GMC,1G6DP5ED9B0107530,Goldenrod,1992,36347,Si,V8,421.78,16993014,21/05/2024
Expedition,Ford,WAUMGBFL3DA273313,Aquamarine,2008,246487,Si,V8,396.99,22967785,16/10/2024
CX-9,Mazda,WP0AA2A81CS669162,Red,2008,117037,No,V8,334.04,,
Avenger,Dodge,1FTKR1AD3BP186310,Red,1999,199503,No,V6,289.04,,
911,Porsche,1N6AD0CU5BC578259,Green,2010,202915,Si,V6,369.96,11326516,14/01/2024
Amigo,Isuzu,WBAVM1C57DV521956,Turquoise,1994,245362,No,Inline-6,161.33,,
Pajero,Mitsubishi,WBA3A9C54FF051641,Aquamarine,2001,142000,No,Inline-4,314.18,,
IS F,Lexus,19UUA66295A595699,Green,2010,128594,No,Inline-4,292.57,,
Bravada,Oldsmobile,WAUJFAFH5CN821539,Maroon,1998,171923,Si,Inline-6,113.42,31744866,24/07/2024
Festiva,Ford,SCBEC9ZA6FC568955,Goldenrod,1993,68946,Si,Inline-4,189.56,14012838,28/05/2024
Fillmore,Fillmore,WBADS43413G927941,Orange,1960,88345,Si,V6,123.28,31847324,31/10/2024
GS,Lexus,5J8TB3H53GL090800,Puce,2007,70709,No,Inline-6,135.31,,
Continental,Lincoln,WBSBL93496P014796,Blue,1986,211510,Si,Inline-6,72.78,20040607,06/02/2024
Cougar,Mercury,5FNYF3H28BB355589,Pink,2002,176324,No,V6,259.49,,
Riviera,Buick,4F2CY0C75BK587849,Green,1999,15653,Si,V12,103.15,15742609,03/09/2024
Malibu,Chevrolet,JTHBB1BAXC2026515,Crimson,2007,115136,Si,V6,431.65,16824059,14/10/2024
Rodeo,Isuzu,1G6DU57V290931409,Maroon,2003,69473,Si,V6,245.97,14920839,28/12/2023
Mulsanne,Bentley,3C4PDCAB2CT535505,Pink,2012,71303,No,Inline-6,468.39,,
Dakota Club,Dodge,1GD020CG9BF068005,Fuscia,1992,131670,Si,V6,240.35,22975181,26/10/2024
Mini Cooper S,Austin,YV4902DZ9D2851877,Khaki,1963,90334,Si,V12,386.86,28112464,23/08/2024
A4,Audi,1G6DL5E33C0140303,Green,1997,162152,Si,V6,274.83,28747186,11/12/2023
Odyssey,Honda,WBADT63403C308232,Orange,2003,213354,Si,V12,384.54,19141098,20/07/2024
SL-Class,Mercedes-Benz,JTHBL5EF6E5572807,Crimson,1985,104628,Si,Inline-4,109.55,18887968,06/06/2024
MKS,Lincoln,5J6TF1H54EL598787,Purple,2012,178819,No,V6,309.89,,
STS,Cadillac,1FTMF1CW8AK933041,Yellow,2011,41568,Si,Inline-6,206.43,30803795,20/09/2024
Familia,Mazda,1FTWF3A54AE145368,Turquoise,1986,18833,Si,V12,78.52,14865312,01/03/2024
Prowler,Plymouth,WBAUC73539V131283,Maroon,1999,38239,No,V6,219.38,,
LeBaron,Chrysler,1G6DG8E55C0200850,Goldenrod,1994,124470,No,Inline-4,210.29,,
CLS-Class,Mercedes-Benz,SCBZK25E63C620214,Pink,2010,116420,Si,Inline-4,151.79,15660148,21/06/2024
C-Class,Mercedes-Benz,JH4CU4F42CC247153,Indigo,2004,29998,Si,V6,385.56,11759057,14/05/2024
G5,Pontiac,3MZBM1K74EM138316,Purple,2007,141561,No,V8,444.16,,
Crown Victoria,Ford,5N1AT2MK9FC300562,Violet,2006,218375,Si,V8,115.56,18117335,16/10/2024
Exige,Lotus,WBA3B1C52FP725746,Orange,2007,223863,No,V8,397.36,,
Ranger,Ford,WBAXH5C50CD525355,Green,2003,218733,No,Inline-4,268.14,,
Fusion,Ford,WAUMR94E88N613125,Teal,2007,212410,No,V8,421.22,,
Exige,Lotus,3FAHP0GA1AR657782,Crimson,2009,240720,Si,Inline-4,203.87,13930912,06/06/2024
Wrangler,Jeep,1NXBE4EE1AZ130820,Red,2009,179003,No,V8,462.67,,
Esprit,Lotus,1N4AB7AP6EN289064,Orange,2001,247381,No,Inline-4,139.28,,
S-Series,Saturn,WAUBFBFL5AN758244,Mauv,1997,17773,Si,V6,176.87,31598805,17/07/2024
Laser,Plymouth,2G4WD582361034234,Aquamarine,1994,87571,Si,V12,53.13,31994567,02/10/2024
3500,Chevrolet,1FTEX1CM7BF122051,Orange,1995,191216,Si,V6,467.53,24842830,13/02/2024
H1,Hummer,WDCGG0EB3FG030186,Indigo,1995,131446,Si,Inline-4,113.5,18045086,27/02/2024
MX-5,Mazda,YV1672MK5D2076086,Purple,2000,53153,Si,V6,413.68,23529979,30/06/2024
Dakota,Dodge,KNDJN2A22E7805708,Red,1992,67050,Si,V6,348.21,13083207,11/05/2024
G-Series 2500,Chevrolet,5TDDK3DC5BS975174,Orange,1997,224542,Si,Inline-6,375.02,27428844,13/06/2024
Sportage,Kia,YV4902DZ8E2233192,Aquamarine,2009,153722,Si,Inline-6,163.83,13082466,27/08/2024
Sonoma,GMC,1GTN1TEH7EZ049475,Indigo,1993,7729,No,Inline-6,123.07,,
Caravan,Dodge,3D7LP2ET5AG209406,Maroon,1999,245021,Si,V12,446.07,28751540,24/09/2024
RX,Lexus,WAUML64B54N976448,Maroon,2002,66951,Si,V8,406.19,26745067,31/03/2024
Sierra 2500,GMC,2D4RN5DG6BR361225,Violet,2012,186608,Si,Inline-4,477.26,25103885,28/02/2024
FR-S,Scion,3D73M3CL4BG958006,Orange,2013,131376,Si,V6,219.45,16551850,20/10/2024
Lancer,Mitsubishi,3VW507AT1FM231614,Red,2011,7922,Si,Inline-6,278.66,26879783,17/10/2024
1500,GMC,1FTSF3B59AE780230,Teal,1995,207731,No,V6,278.7,,
9-5,Saab,WBAAV53401J051802,Violet,2002,147620,No,Inline-4,331.73,,
Continental GT,Bentley,JN1BJ0HP8EM142607,Violet,2009,20920,No,Inline-4,100.35,,
Ramcharger,Dodge,3N1AB7AP5FY817324,Yellow,1993,217286,Si,V8,172.18,16184310,14/06/2024
S-Class,Mercedes-Benz,WAULC58E25A548226,Puce,1993,80799,No,V12,486.6,,
Outlander,Mitsubishi,5GAER13DX9J933042,Green,2010,182373,No,V6,64.79,,
MDX,Acura,WDDHF5KB3EA735950,Aquamarine,2012,8230,No,Inline-6,216.58,,
Baja,Subaru,1FTWF3C55AE634648,Turquoise,2005,126593,No,Inline-4,244.31,,
C-Class,Mercedes-Benz,WBABD534X6P360091,Blue,1998,109396,No,V8,317.01,,
Panamera,Porsche,WBABW53435P378893,Turquoise,2013,78722,Si,Inline-6,177.22,28167784,28/12/2023
Sequoia,Toyota,5UXWX5C53BL358722,Orange,2005,147470,No,V12,384.29,,
Excel,Hyundai,WA1EY94L08D159932,Puce,1994,72549,Si,V8,122.13,11590986,23/09/2024
Soul,Kia,WBABV13475J829595,Aquamarine,2010,70329,No,Inline-4,288.34,,
Continental Flying Spur,Bentley,5N1AA0ND9EN705530,Maroon,2007,116267,No,Inline-6,232.17,,
Montero,Mitsubishi,WBAET374X5N524173,Orange,1996,161316,Si,Inline-4,202.0,22853456,23/03/2024
H1,Hummer,5UXFA53542L453498,Teal,1996,135050,No,V8,352.86,,
D150,Dodge,WBA1F5C58EV815500,Orange,1993,117267,Si,Inline-6,366.6,28705813,22/11/2024
Fairlane,Ford,3D73M3CL5AG836477,Indigo,1967,82217,Si,V6,77.99,13170168,18/11/2024
Yukon,GMC,WAULT68E63A184363,Mauv,2001,160823,Si,Inline-6,243.16,27294806,28/03/2024
Riviera,Buick,5N1AZ2MH3FN686466,Red,1995,188451,No,V12,66.7,,
GTI,Volkswagen,2G4WC532851456816,Crimson,1991,178727,Si,Inline-4,135.87,16991139,31/05/2024
SLK-Class,Mercedes-Benz,WP0CA2A85CS853836,Crimson,1998,191870,No,Inline-6,116.64,,
Talon,Eagle,2C3CDYAG4DH710407,Orange,1998,223605,No,V8,343.16,,
Boxster,Porsche,1D4PU2GK1BW294470,Pink,2006,172163,Si,V8,360.95,15781156,17/01/2024
SLK55 AMG,Mercedes-Benz,TRUDD38J981145943,Orange,2009,215627,No,V8,316.33,,
Electra,Buick,SAJWA4ECXFM753233,Pink,1987,192383,Si,V6,462.58,28221572,09/12/2023
Savana 2500,GMC,WAUSF98E37A207575,Turquoise,2008,213812,No,Inline-4,144.65,,
626,Mazda,WAULD54B33N610201,Green,1992,184597,No,Inline-6,345.55,,
Mirage,Mitsubishi,WBAGN63483D760494,Crimson,1988,11406,Si,Inline-6,89.48,11914734,10/12/2023
Ridgeline,Honda,1D7RB1GK0AS034742,Khaki,2011,29287,Si,Inline-6,346.12,13328203,03/12/2024
PT Cruiser,Chrysler,19XFB4F29FE559955,Indigo,2006,186499,No,V6,369.41,,
J,Infiniti,JN1AJ0HP0CM571507,Indigo,1996,219568,No,V12,92.6,,
Tacoma,Toyota,1FTSX2A50AE893007,Aquamarine,1997,196391,Si,V6,143.98,13167383,12/11/2024
G,Infiniti,3GTXCYEJ3AG865256,Fuscia,2007,25087,No,Inline-4,263.25,,
Ram 1500 Club,Dodge,1FTEX1CW0AK293604,Indigo,1999,73976,Si,V12,180.67,14375235,24/09/2024
Impala SS,Chevrolet,1G6KH5EY3AU229962,Yellow,1995,10967,No,Inline-4,304.37,,
Imperial,Chrysler,KMHCT4AE5CU340453,Green,1993,175913,Si,V6,328.97,21017020,13/12/2023
Silverado 1500,Chevrolet,WAUMGAFL1CA686243,Maroon,2008,22110,Si,Inline-6,424.81,23182796,26/05/2024
XC70,Volvo,4A31K2DF6AE820321,Pink,2008,240676,No,V6,425.3,,
Grand Prix,Pontiac,2C3CDXGJ7CH304052,Orange,1988,227731,No,V8,81.73,,
Grand Prix,Pontiac,3VW467AT6DM461088,Puce,1981,220665,Si,Inline-4,475.27,30145435,15/01/2024
Grand Marquis,Mercury,1N4AA5AP2AC701672,Maroon,1989,59090,No,V12,285.91,,
New Yorker,Chrysler,1N6AF0KY4EN314103,Purple,1993,53709,Si,V6,189.04,30111414,20/01/2024
SL-Class,Mercedes-Benz,WAU4GAFB1AN257231,Purple,1995,232045,No,V12,95.78,,
F350,Ford,WAU3GAFR9DA328132,Blue,1994,97590,Si,Inline-6,180.87,11042086,28/07/2024
Bravada,Oldsmobile,3GYFNBE34ES938426,Mauv,2000,155093,No,V12,455.24,,
Montero,Mitsubishi,3GYEK62N56G450270,Pink,1994,36689,Si,V6,163.26,13531460,16/07/2024
GTI,Volkswagen,WBAYE0C5XED080691,Green,2011,154841,No,V8,422.12,,
Miata MX-5,Mazda,1G6AA1RX8F0692026,Teal,2005,121709,Si,V12,213.68,15850208,11/08/2024
tC,Scion,2HKRM3H36FH304182,Goldenrod,2006,97718,Si,V8,123.76,14289895,12/01/2024
Corolla,Toyota,JM1NC2JF2B0226099,Mauv,1994,86038,No,Inline-4,455.6,,
Silhouette,Oldsmobile,2C3CA5CV2AH064931,Turquoise,1999,141686,Si,Inline-6,421.57,12899789,27/06/2024
Passat,Volkswagen,WBAEV53423K148353,Khaki,2009,148445,No,V6,484.85,,
Tempest,Pontiac,WAUAC48H64K561498,Orange,1966,125590,Si,V6,388.39,25224659,14/02/2024
LS,Lexus,3N1CE2CP8FL254959,Blue,1998,166708,Si,V8,400.02,30929931,28/04/2024
Eclipse,Mitsubishi,JTEBC3EHXC2365824,Pink,1996,196251,Si,Inline-6,235.24,18714614,10/10/2024
riolet,Audi,ZFBCFABH9FZ307694,Goldenrod,1995,156447,No,V12,157.26,,
Rodeo,Isuzu,WBADW3C51DE646095,Orange,2002,207877,Si,V6,148.9,25101616,14/12/2023
T100,Toyota,2C3CDYAG1EH703108,Fuscia,1996,149600,Si,Inline-6,236.49,25431851,04/03/2024
Ram Van B350,Dodge,VNKKTUD34FA384905,Khaki,1992,59761,No,Inline-4,374.84,,
GTI,Volkswagen,JTDJTUD37ED407403,Green,2011,12250,Si,V8,278.27,32502114,26/12/2023
F-Series,Ford,WAUDFAFL1DA741472,Teal,2003,22739,Si,Inline-4,455.76,28608170,04/06/2024
Cooper Countryman,MINI,WBANB53526C108175,Aquamarine,2011,150891,Si,Inline-6,204.4,28856993,04/06/2024
X6,BMW,4USCK73432L711038,Mauv,2012,128972,Si,Inline-6,187.57,26081386,21/01/2024
200,Audi,JN8AF5MR5ET470852,Green,1989,161070,Si,V8,123.65,16153486,10/07/2024
Alero,Oldsmobile,JH4CU25609C764175,Red,1999,117190,Si,Inline-6,299.97,32146576,30/07/2024
S8,Audi,4T1BF3EK1AU022792,Yellow,2009,154360,Si,V6,62.94,17565010,12/02/2024
E-Series,Ford,WUATNAFG7EN645606,Violet,1985,173517,Si,V6,180.1,16050549,16/05/2024
6 Series,BMW,WAUMR44E06N564924,Khaki,2006,88449,Si,V12,397.74,17290286,25/09/2024
1 Series,BMW,3C3CFFJH3DT688026,Khaki,2010,206565,No,V8,377.3,,
B-Series,Mazda,3VW517ATXFM502036,Khaki,2004,141363,No,Inline-4,447.87,,
Savana 2500,GMC,KNAFU6A24B5781044,Yellow,2002,79585,No,V6,498.69,,
F350,Ford,2G4GN5EX1E9444824,Fuscia,2011,48395,No,Inline-6,171.15,,
Crown Victoria,Ford,WDDEJ7KB7BA705360,Mauv,1992,169479,Si,Inline-6,171.28,11122357,16/06/2024
Grand Caravan,Dodge,3C4PDCAB1DT737284,Fuscia,2000,77617,Si,V8,106.79,12033483,05/09/2024
Sidekick,Suzuki,WBAVB13546P580184,Violet,1995,138768,Si,V6,143.94,18323217,06/03/2024
G3,Pontiac,19UUA76657A924331,Yellow,2009,63936,No,Inline-6,286.66,,
HHR,Chevrolet,WBALL5C5XCJ128802,Blue,2009,19975,No,Inline-6,428.96,,
E250,Ford,19UUA8F58EA390056,Blue,2012,153394,Si,V6,460.63,20351357,21/03/2024
Avenger,Dodge,19UUA66215A367471,Maroon,2011,193668,Si,V8,470.32,11530456,22/07/2024
GTI,Volkswagen,2C3CDYCJ4EH579408,Blue,2012,128855,Si,V8,232.12,25896693,03/06/2024
FJ Cruiser,Toyota,KNAFX6A8XE5495165,Red,2007,94532,No,Inline-4,177.78,,
MGB,MG,WA1VMAFE1ED000022,Red,1977,129153,No,Inline-6,439.56,,
CL,Acura,1N4AA5AP6EC649887,Turquoise,2002,29125,No,V6,294.49,,
Altima,Nissan,WBAYB6C55ED338367,Orange,1996,159160,Si,Inline-6,194.27,11459498,27/11/2024
Wrangler,Jeep,WP0AA2A96DS598941,Turquoise,2009,4875,Si,V6,235.4,22453431,12/07/2024
Caprice Classic,Chevrolet,WAUFFAFLXFA612092,Fuscia,1993,121722,No,Inline-4,219.9,,
Town & Country,Chrysler,WAUEF98E46A414746,Indigo,2010,40969,Si,Inline-6,417.79,28984575,16/02/2024
Z8,BMW,YV4952CZ9E1518654,Mauv,2003,143951,No,Inline-6,289.99,,
5000S,Audi,WBA3C1C58DF439416,Teal,1986,217478,Si,Inline-6,366.3,30232381,03/05/2024
MR2,Toyota,WBAUC9C58BV561778,Pink,1987,119226,Si,Inline-4,391.15,29876064,17/02/2024
F-Series Super Duty,Ford,1G6AB5S34D0315654,Turquoise,2009,62091,Si,V6,481.43,31766909,10/11/2024
9000,Saab,3GYT4NEF7CG456485,Violet,1995,53687,Si,V12,410.68,16465988,10/04/2024
Celica,Toyota,YV1902FH2D1298576,Indigo,1976,121262,No,V8,334.74,,
Sierra,GMC,3TMJU4GN4CM263241,Aquamarine,2010,53477,No,V6,191.01,,
Club Wagon,Ford,JH4CU2F66AC823894,Aquamarine,1996,153353,No,V8,246.8,,
1500,Ram,WAUKH74F27N410236,Crimson,2012,48710,Si,Inline-4,174.66,22843380,16/11/2024
Allroad,Audi,JM1NC2EF8A0707029,Crimson,2004,24267,No,Inline-6,400.26,,
Altima,Nissan,KMHDB8AE0BU023855,Maroon,2008,61392,No,V12,375.61,,
Seville,Cadillac,SAJWA4DC6DM446379,Red,1997,170244,No,V12,337.16,,
F-Series Super Duty,Ford,2G4WF551011632862,Purple,2011,238468,No,V8,348.37,,
F150,Ford,3VW507ATXEM776449,Turquoise,2011,94747,No,V8,59.84,,
Legacy,Subaru,YV4902DZ9B2841461,Red,2005,20941,Si,Inline-4,263.31,19971163,23/08/2024
Eurovan,Volkswagen,3GYFNCEY9AS394808,Mauv,2001,15577,Si,Inline-6,325.79,23444371,17/02/2024
Ridgeline,Honda,WBAEW53492P294070,Indigo,2012,4456,No,V8,385.82,,
Jimmy,GMC,TRUWT28N321479112,Aquamarine,1998,236855,Si,V6,101.67,31416553,19/01/2024
Cayman,Porsche,1G6DV5EP0C0040981,Violet,2009,107773,Si,V8,106.3,19320767,02/05/2024
Celica,Toyota,KNALU4D43F6113434,Mauv,1978,222162,No,V6,254.35,,
LX,Lexus,1N6BF0KM3FN193261,Yellow,2007,108617,Si,V8,217.65,21258552,11/02/2024
500SL,Mercedes-Benz,1G6D25EY7B0862340,Aquamarine,1992,127319,No,V6,165.35,,
Sierra 3500,GMC,1G6KE54Y82U759307,Aquamarine,2001,222328,Si,Inline-6,376.76,27241569,22/09/2024
62,Maybach,WAULVBFR0CA939855,Pink,2011,229950,No,Inline-4,212.01,,
S4,Audi,WDBWK5EA4BF056850,Blue,1992,196749,Si,V8,156.19,30553491,02/05/2024
Space,Isuzu,2C3CDXDT1DH499783,Violet,1992,106704,No,Inline-4,267.88,,
Freestar,Ford,WBSWD93509P179597,Purple,2007,184306,No,V8,410.82,,
Lancer Evolution,Mitsubishi,JN8AZ1MU7EW113093,Aquamarine,2003,124555,No,Inline-4,259.16,,
Dakota,Dodge,JH4NA21621T035980,Pink,1998,76689,Si,V12,359.34,28548191,07/03/2024
911,Porsche,1N6AF0LY8EN266555,Khaki,2012,101139,No,Inline-6,312.52,,
Q5,Audi,WBAUU33579A583461,Blue,2011,227425,No,V8,248.98,,
Elantra,Hyundai,WBAUN7C58DV760301,Purple,1999,69687,No,V8,492.75,,
Continental,Bentley,WAUVT54B73N391769,Mauv,2012,192441,Si,V8,469.86,15431631,05/03/2024
Mystique,Mercury,1G6KD57Y51U103160,Yellow,1998,77354,Si,Inline-4,443.39,13976637,09/02/2024
Cordia,Mitsubishi,WAUDF48H48K742142,Mauv,1984,141093,No,V8,54.66,,
Escort,Ford,JM1CR2W36A0287068,Khaki,1988,151213,Si,V12,344.0,28548439,17/07/2024
Accord,Honda,5GADX33L15D018867,Pink,1997,175288,No,V12,160.43,,
STS-V,Cadillac,JN8AZ1MUXDW116634,Goldenrod,2009,20446,No,V6,209.82,,
G-Series G30,Chevrolet,2C3CDXCT5FH489813,Goldenrod,1994,31084,No,V12,448.8,,
Eclipse,Mitsubishi,1FMJK1G56CE023580,Puce,2010,172764,Si,V12,302.22,16177952,07/03/2024
Outback,Subaru,1FTEW1E84AK005858,Goldenrod,2001,241638,No,V8,493.96,,
Malibu,Chevrolet,WBAKF5C52BE621853,Red,2008,59312,No,V8,370.63,,
Mustang,Ford,JN8AS5MT3DW274302,Yellow,2003,72731,Si,V8,261.6,24589902,14/07/2024
VehiCROSS,Isuzu,WAU3VAFR3CA576008,Red,1999,237252,No,V6,140.07,,
RL,Acura,1C3CC5FB7AN202949,Teal,2005,30999,Si,V12,80.95,24111851,18/03/2024
Corsica,Chevrolet,JN1AV7AR3FM855971,Puce,1995,52590,No,V8,119.31,,
Firebird,Pontiac,5NPE24AF4FH603121,Indigo,1985,53345,No,V12,75.16,,
Club Wagon,Ford,19UUA56803A295450,Fuscia,1992,73013,No,V12,497.01,,
1500 Club Coupe,GMC,WAUNF98P48A711083,Mauv,1992,30824,No,Inline-4,58.65,,
New Beetle,Volkswagen,3VW1K7AJ3BM995966,Orange,2009,47776,Si,V8,139.22,18659638,09/02/2024
Yaris,Toyota,4T1BF1FK9EU128190,Crimson,2011,54912,No,V8,448.95,,
Sebring,Chrysler,3N1AB6AP1BL017492,Teal,1996,184226,No,Inline-6,173.32,,
XC70,Volvo,1HGCP2E3XBA851146,Maroon,2010,34276,Si,V8,178.62,22571130,07/03/2024
57,Maybach,1D4PU4GK4BW760906,Violet,2009,201107,Si,V6,492.26,23824206,09/06/2024
Camry Hybrid,Toyota,5GNRNGEE2A8992702,Crimson,2007,178135,Si,Inline-4,87.89,22488805,04/04/2024
Crown Victoria,Ford,4T1BK3DB1BU989627,Aquamarine,2009,26007,No,Inline-4,448.69,,
Suburban 2500,Chevrolet,WBAUP9C57CV583938,Goldenrod,2007,203135,Si,V12,198.84,31882704,05/08/2024
Savana 3500,GMC,5N1AA0NE5FN712372,Purple,2004,85311,No,V8,359.29,,
Maxima,Nissan,WAULV94E48N286438,Orange,2010,148547,Si,V12,183.0,11534084,20/04/2024
599 GTB Fiorano,Ferrari,3D4PG1FG2BT084352,Green,2007,115276,Si,V12,95.52,24204174,30/03/2024
A5,Audi,1N6BF0KM7FN200096,Maroon,2011,1868,No,V6,191.33,,
Lancer,Mitsubishi,1LNHL9FTXFG906345,Teal,2011,61695,Si,V12,477.59,22080196,22/11/2024
Rio,Kia,WBAKA4C51CD202876,Green,2007,179255,No,V12,349.83,,
Sedona,Kia,WBAVD53597A662921,Blue,2009,224786,No,Inline-4,279.76,,
Colt,Dodge,3D73Y4HL3BG356703,Yellow,1993,121591,No,Inline-4,283.98,,
Cougar,Mercury,SCBLF34F73C746639,Red,1985,150398,Si,V8,201.2,32806945,11/09/2024
Dakota,Dodge,JTDKN3DU2B0783298,Fuscia,2006,180643,Si,Inline-4,363.3,18541506,07/06/2024
Brougham,Cadillac,SCFEDCAD4CG715017,Indigo,1992,112220,No,V6,195.34,,
Firebird Formula,Pontiac,JH4CW2H5XBC461875,Orange,1992,2491,No,Inline-6,162.8,,
GLK-Class,Mercedes-Benz,WVWAW7AH5BV263977,Maroon,2012,45337,Si,Inline-6,456.45,30704834,03/05/2024
Caravan,Dodge,WBAPK535X9A088945,Fuscia,2005,218141,No,V6,482.33,,
Veyron,Bugatti,WBAWL13537P716498,Purple,2009,17685,Si,Inline-6,460.07,18228410,02/07/2024
MX-5,Mazda,WVWED7AJ6BW155968,Turquoise,1996,240921,Si,Inline-6,330.19,19611293,05/02/2024
Canyon,GMC,1G6DS8ED1B0047937,Teal,2012,134842,Si,V8,128.7,28959248,07/06/2024
XL-7,Suzuki,WAUEV94F88N217396,Purple,2004,55132,No,Inline-6,394.23,,
Ram Wagon B250,Dodge,WAUDH98E87A531172,Yellow,1994,87604,Si,V8,490.71,23381082,20/07/2024
Trooper,Isuzu,3D73Y3CL1BG131035,Khaki,1992,17747,No,Inline-4,139.66,,
4Runner,Toyota,5N1AR2MM2FC386443,Green,1999,21447,No,Inline-4,76.86,,
RS 4,Audi,WBA3B5C53DP023164,Indigo,2007,220174,Si,V8,168.44,32084229,27/06/2024
S80,Volvo,WBALM5C59AE563569,Goldenrod,1999,148895,Si,Inline-6,341.87,14516206,03/10/2024
tC,Scion,3D4PG9FG9BT506163,Indigo,2005,215388,Si,V8,58.81,30985156,13/04/2024
Montero,Mitsubishi,JN8AZ2KR3AT916113,Crimson,1996,3023,Si,V12,75.57,22357798,30/05/2024
RX Hybrid,Lexus,1N6AA0ED4FN932062,Teal,2010,166782,Si,V12,83.68,16801956,07/03/2024
960,Volvo,WBA3N5C5XEF380470,Green,1994,190200,No,Inline-4,440.36,,
QX56,Infiniti,3VWAL7AJ0AM656030,Turquoise,2010,146157,Si,V6,234.77,27954591,04/12/2023
SLX,Acura,WBAWB33557P820845,Red,1999,212046,No,Inline-6,354.34,,
Sonata,Hyundai,WBAVA33568K109815,Fuscia,2000,54197,Si,Inline-6,102.0,28841444,08/06/2024
88,Oldsmobile,JN8AS5MT4DW084234,Orange,1998,97929,No,V8,176.76,,
Touareg,Volkswagen,ZHWGU6AU5CL205167,Maroon,2005,159540,No,Inline-6,53.61,,
FJ Cruiser,Toyota,KMHEC4A44BA747342,Green,2007,151779,No,V8,322.02,,
Venture,Chevrolet,1FTEX1CW5AF941236,Violet,1999,212770,Si,V12,469.99,26826467,23/02/2024
911,Porsche,1G6YX36D885114503,Orange,1986,137796,Si,V12,298.03,20980064,30/07/2024
Z3,BMW,WA1YD54B55N689263,Indigo,2002,133294,No,V6,237.95,,
Yukon,GMC,WBXPC93429W311113,Blue,1998,117653,Si,Inline-4,356.36,29716051,24/06/2024
Falcon,Ford,1GKS1GKCXFR817992,Fuscia,1967,19931,No,V6,158.19,,
Explorer,Ford,WA1AM94L39D676489,Mauv,2006,5870,Si,Inline-4,78.28,24555179,22/12/2023
Grand Marquis,Mercury,3D73M3CLXBG104816,Yellow,2009,65583,No,V6,210.46,,
Town Car,Lincoln,WBA5B1C59FG040927,Teal,2008,186240,No,V12,340.2,,
9-3,Saab,3TMJU4GN5CM109430,Violet,2012,23018,Si,Inline-4,135.19,20786231,20/12/2023
Mountaineer,Mercury,WAUKF98E87A566548,Puce,2004,119439,No,Inline-4,208.73,,
Sprinter,Dodge,1G6AZ5S34F0393883,Red,2006,159430,Si,V8,197.6,25366898,28/02/2024
NV1500,Nissan,SCBLF34FX6C912317,Goldenrod,2012,102208,No,V6,86.03,,
4Runner,Toyota,JN8AE2KP1D9848597,Puce,2001,224779,Si,Inline-4,297.4,17169028,17/08/2024
Civic,Honda,5N1AN0NW7EN196091,Purple,1995,165488,Si,Inline-4,280.99,31584991,23/07/2024
Grand Vitara,Suzuki,WBA3R5C50EK891701,Green,1999,48658,No,Inline-6,496.81,,
Town Car,Lincoln,5GADV33137D185688,Violet,2003,12006,No,V6,456.41,,
TrailBlazer,Chevrolet,JTHBL5EF9B5849154,Fuscia,2009,223142,No,V12,56.23,,
Civic Si,Honda,WBA3B1C57EF254889,Pink,2006,23987,Si,V6,352.24,11291688,06/01/2024
Celica,Toyota,JN8AE2KP4B9019875,Puce,1978,68957,No,V6,436.79,,
Avalon,Toyota,3D73M4EL1BG550419,Purple,2005,13521,No,Inline-6,337.12,,
944,Porsche,SCBLC47J68C922036,Pink,1988,199106,Si,Inline-4,291.06,11296314,23/02/2024
Justy,Subaru,WAUDK78T98A507596,Aquamarine,1987,114288,Si,V8,352.26,11505126,24/06/2024
LeBaron,Chrysler,WBANA53524B927712,Indigo,1992,72735,No,Inline-4,250.64,,
S10,Chevrolet,1G6DK5EV3A0244565,Mauv,2003,208652,Si,Inline-4,268.2,17069855,05/02/2024
MKZ,Lincoln,2HNYD2H33DH929225,Violet,2012,90379,Si,Inline-6,384.7,21119545,24/05/2024
G,Infiniti,JTHBL5EF8C5243927,Green,2001,163955,Si,V12,450.91,24339104,12/07/2024
Hombre Space,Isuzu,SCFAD02E69G984598,Green,1999,153538,No,V12,161.25,,
Rodeo,Isuzu,KNAFU6A24B5149418,Turquoise,1997,142634,Si,Inline-6,299.11,14090320,27/05/2024
Concorde,Chrysler,1G4HP54K554030453,Goldenrod,1996,188716,Si,Inline-6,448.15,17057486,03/02/2024
Focus,Ford,WBSDE934X2B308735,Orange,2002,126576,No,Inline-6,77.44,,
Range Rover,Land Rover,WAUDH98E27A349340,Indigo,2012,43632,Si,Inline-6,265.53,28227246,28/10/2024
XJ,Jaguar,5N1AN0NU1AC614133,Purple,2006,150631,Si,V6,231.17,14828562,20/12/2023
Grand Am,Pontiac,1GD21ZCG5BZ024162,Purple,1991,3804,No,Inline-4,206.41,,
Charger,Dodge,1GKUCGEJ9AR262751,Mauv,2009,247399,Si,V8,385.29,23368368,28/03/2024
G,Infiniti,WDDNG7DB9DA130080,Pink,2002,112609,Si,Inline-6,498.81,24725167,17/11/2024
Verano,Buick,WAUMFAFL5CN771551,Crimson,2012,91691,Si,V12,107.88,32687948,14/06/2024
riolet,Audi,3GYT4LEF4DG985060,Aquamarine,1996,52818,Si,V12,303.04,25965919,06/04/2024
Brat,Subaru,SCFEBBCF4BG479014,Violet,1985,75526,No,V8,124.73,,
SLK-Class,Mercedes-Benz,SALFR2BG4EH675003,Teal,2003,123572,Si,V6,134.36,15746593,18/02/2024
Altima,Nissan,SCFBF03B98G315341,Green,2005,128680,Si,V6,95.34,29298601,10/02/2024
Escalade EXT,Cadillac,5FPYK1F20AB848207,Crimson,2003,154573,No,Inline-4,173.14,,
Sentra,Nissan,WUAUUAFG0CN570624,Red,1994,67125,Si,V12,373.11,18256492,10/11/2024
Bronco II,Ford,2T1BU4EE4DC320569,Mauv,1985,244282,Si,Inline-6,87.69,30432567,12/01/2024
Dakota,Dodge,1FTSW3B58AE501138,Orange,2003,186669,Si,V6,71.15,21956803,28/01/2024
Passport,Honda,3D73M4CL1AG082659,Goldenrod,2001,49561,No,V12,316.18,,
Boxster,Porsche,1C6RD7JT2CS251454,Red,2009,154389,Si,Inline-6,172.19,11643819,11/11/2024
QX,Infiniti,WVWGU7AN3CE830114,Khaki,2003,145932,Si,V6,454.77,12717734,14/03/2024
Prelude,Honda,1G4GL5E33CF297820,Green,1993,223847,No,V8,436.18,,
Edge,Ford,2C3CDXCT1FH117322,Khaki,2013,140664,No,V12,269.11,,
Rio,Kia,5UXFE83509L785518,Yellow,2008,44078,Si,V12,122.66,19697748,24/11/2024
Silverado 2500,Chevrolet,3VW4T7AT7EM451891,Teal,2008,37948,No,V6,180.22,,
E-Class,Mercedes-Benz,WAULC68EX3A598732,Crimson,1996,224092,Si,Inline-4,400.74,22776993,29/06/2024
S-Class,Mercedes-Benz,JTDKDTB36E1702024,Yellow,1989,128803,No,Inline-4,269.84,,
Sonoma Club Coupe,GMC,1GYS4JEF9BR099281,Red,1998,50637,No,V12,379.28,,
Century,Buick,WA1YD54B35N509150,Purple,1985,159591,Si,Inline-4,62.82,26380753,02/03/2024
Prelude,Honda,1C4PJLAB5EW200938,Turquoise,1996,2167,No,Inline-6,247.11,,
Bonneville,Pontiac,JN8AS5MT5AW047513,Indigo,1996,97701,No,Inline-6,303.39,,
MINI,MINI,1FTWW3A51AE465893,Red,2002,101356,No,Inline-6,297.16,,
Diamante,Mitsubishi,WBAEV33483P933886,Crimson,1994,235994,Si,V12,133.31,22698690,13/11/2024
Diablo,Lamborghini,WBAUC73578V081910,Purple,1993,80790,Si,V6,405.77,21400222,29/09/2024
9-3,Saab,3G5DB03E64S970539,Mauv,1999,164681,No,V6,243.07,,
Jimmy,GMC,3N1CN7AP0DL936618,Aquamarine,2000,173807,No,V6,469.4,,
90,Audi,5UXFA13515L505327,Purple,1994,41688,Si,V12,297.29,28744493,01/08/2024
Cabriolet,Volkswagen,WAUSF78E87A537197,Turquoise,1988,101903,No,Inline-6,169.04,,
XC70,Volvo,WAUJF98K59N976513,Mauv,2012,215120,No,V8,380.88,,
Rally Wagon 2500,GMC,WBA3B1C59F5373079,Teal,1994,118652,Si,V6,137.88,21763553,09/05/2024
F350,Ford,3VW517AT7FM825489,Maroon,2009,27860,No,Inline-6,235.61,,
LX,Lexus,5FNYF3H29FB683156,Maroon,1997,227259,No,V8,313.35,,
Tacoma,Toyota,JN1BJ0HP6EM357872,Indigo,1999,207723,Si,V8,487.66,31453170,08/11/2024
Tercel,Toyota,SCFAD02E29G608433,Turquoise,1997,77649,No,V12,243.46,,
Phaeton,Volkswagen,WBAUP9C57CV835171,Turquoise,2005,36331,No,Inline-6,86.39,,
Equator,Suzuki,1B3CB4HA8AD103464,Red,2011,188514,No,Inline-6,66.7,,
Laser,Plymouth,5FRYD4H82FB079852,Yellow,1990,60603,Si,V6,255.49,31845519,25/05/2024
Corvette,Chevrolet,3D7TT2CT1BG670389,Turquoise,1969,77333,No,V6,462.55,,
SL-Class,Mercedes-Benz,WAUEL74F25N447201,Orange,1994,107534,No,Inline-4,218.61,,
Durango,Dodge,2G61T5S38D9813956,Violet,2003,34521,Si,Inline-6,244.96,29141913,19/09/2024
Passat,Volkswagen,SAJWA0ES2EP588386,Goldenrod,1998,9152,Si,V12,395.44,12794704,13/09/2024
Cavalier,Chevrolet,2G61S5S38E9002033,Indigo,1998,145665,Si,V12,406.68,26852458,28/06/2024
Bonneville,Pontiac,1D4PU7GX5AW325677,Turquoise,1997,238270,No,V12,215.27,,
Cherokee,Jeep,JN1CV6AP0CM651531,Pink,1995,49939,No,V6,468.94,,
Aviator,Lincoln,KM8JT3AF2EU204505,Puce,2005,195210,No,V8,73.59,,
Touareg,Volkswagen,WAUXF78K99A154335,Violet,2004,182054,No,V6,95.78,,
Land Cruiser,Toyota,4F2CY0C75AK615678,Pink,2006,11514,Si,V12,362.64,31948584,28/11/2024
Cougar,Mercury,WA19FAFL6DA380436,Indigo,1988,146166,No,Inline-6,68.1,,
E-Class,Mercedes-Benz,3C3CFFAR4FT707663,Purple,1999,43097,No,V8,103.02,,
Grand Marquis,Mercury,JN1CV6AP5CM658944,Maroon,2008,138070,No,V6,380.58,,
Defender,Land Rover,WAUR4AFD5DN040978,Pink,1995,221300,No,Inline-6,198.1,,
Discovery,Land Rover,WAU4GBFB9BN018971,Orange,1994,199663,Si,Inline-4,408.82,26834644,24/09/2024
Eos,Volkswagen,5FRYD3H81EB106869,Purple,2011,144401,No,V12,248.41,,
Swift,Suzuki,1G4CU541414628926,Yellow,1990,167222,Si,Inline-6,417.59,20512901,05/01/2024
Sentra,Nissan,5FNRL5H21CB580768,Teal,1991,170072,Si,Inline-4,264.19,28723572,24/08/2024
Land Cruiser,Toyota,KMHTC6ADXDU914212,Teal,1994,169585,No,Inline-4,269.31,,
F430,Ferrari,1N6AD0CU5BC605573,Blue,2008,144500,No,Inline-6,432.92,,
Concorde,Chrysler,JN1AY1AP3DM635018,Puce,1997,218846,Si,Inline-6,435.29,25241909,06/04/2024
Classic,Chevrolet,KL4CJCSB2DB880102,Goldenrod,2004,81227,No,Inline-6,445.04,,
S2000,Honda,KMHTC6AD6EU926813,Indigo,2007,172854,Si,V12,216.89,29554298,28/07/2024
Eurovan,Volkswagen,JM1NC2JF5F0971211,Red,1995,50780,No,V12,331.51,,
CL,Acura,2LMDJ6JK5EB462495,Violet,1999,151750,No,V6,125.52,,
Taurus,Ford,JTEBU5JR5D5399001,Orange,1994,99594,Si,Inline-6,51.33,19122271,06/01/2024
4Runner,Toyota,19UUA8F73DA919798,Aquamarine,1994,4371,Si,V8,443.54,23870078,02/01/2024
M3,BMW,1D7RB1GP3AS541985,Blue,2001,237398,Si,V8,355.92,24746752,07/08/2024
57,Maybach,WAU3VAFR2AA393650,Goldenrod,2008,228437,No,V8,359.81,,
SC,Lexus,WBSWD9C54AP068426,Blue,2007,33094,No,Inline-6,96.4,,
Excel,Hyundai,WDDGF4HB4EG809905,Khaki,1994,188098,Si,V6,120.26,13744998,26/01/2024
Escalade EXT,Cadillac,19XFA1E67AE474224,Yellow,2010,238180,Si,Inline-6,301.3,32957233,27/06/2024
NSX,Acura,WBA3B9C53DJ445011,Green,1998,191422,No,V6,365.0,,
929,Mazda,WBAYA8C56FG320510,Purple,1992,742,Si,V8,419.0,32900859,05/03/2024
A8,Audi,1GKS1AE09CR180572,Purple,1997,98832,No,V8,353.93,,
XC60,Volvo,5GAKRCKD7FJ391023,Yellow,2012,61327,Si,V8,399.12,27129631,11/08/2024
Mazda5,Mazda,1HGCR2E36EA690129,Teal,2006,243663,Si,Inline-4,168.45,25345146,17/02/2024
XC70,Volvo,WAUAG78E26A198511,Aquamarine,2010,192789,No,V6,265.68,,
Sunfire,Pontiac,1N4AB7AP0EN101266,Pink,2003,126410,Si,V6,437.01,19623046,30/04/2024
G35,Infiniti,WDDPK4HA8EF650654,Yellow,2004,199935,Si,V12,268.96,11315592,10/05/2024
RSX,Acura,5N1AA0NC4FN509679,Blue,2006,166984,Si,V12,294.89,20867699,26/07/2024
Vantage,Aston Martin,3LN6L2LU7ER518430,Blue,2007,7516,No,Inline-6,331.77,,
Sierra 1500,GMC,JM1NC2JF3E0237276,Crimson,2002,31183,No,Inline-6,179.99,,
Passat,Volkswagen,19UYA426X1A443987,Aquamarine,2001,42474,Si,V12,56.92,20517642,21/12/2023
Challenger,Mitsubishi,5UXFG43599L961694,Pink,2000,109622,Si,V12,150.76,14485834,15/08/2024
Continental Flying Spur,Bentley,1D7CW3BKXAS215828,Aquamarine,2006,162097,Si,Inline-6,352.27,26309905,15/12/2023
Viper,Dodge,5J8TB2H57CA428019,Turquoise,1995,31584,Si,V8,364.47,27100652,06/11/2024
F250,Ford,1G6AF5S38E0329370,Fuscia,2002,139795,No,Inline-4,252.64,,
S5,Audi,1C3ADEAZXDV907676,Red,2010,73156,No,V6,268.29,,
SC,Lexus,JN8AS5MT0DW678190,Fuscia,2007,201365,Si,V12,249.47,20130584,14/01/2024
RX-7,Mazda,WBANU5C57AC315468,Maroon,1986,110716,No,V6,157.54,,
LR2,Land Rover,3C4PDDBG9CT508494,Red,2010,195502,Si,Inline-6,244.27,15139994,22/03/2024
Discovery,Land Rover,WBAVD53587A578170,Green,1999,158292,Si,Inline-6,134.77,23708685,15/09/2024
Sequoia,Toyota,2C3CDXL95FH351094,Violet,2011,87131,No,Inline-4,303.77,,
Turbo Firefly,Pontiac,WBAYB6C55FG384099,Turquoise,1990,196985,No,Inline-4,370.43,,
Vitara,Suzuki,1N6AD0CU2AC089963,Green,1999,220078,Si,Inline-6,257.74,30043414,16/10/2024
A4,Audi,3D7TP2CT7BG986240,Indigo,1999,235061,Si,Inline-4,486.58,29604639,27/03/2024
RS 4,Audi,1GD02ZCG4DF434511,Aquamarine,2008,218687,Si,Inline-4,95.12,25577095,17/04/2024
Sienna,Toyota,WVGAV3AX4EW510824,Blue,2007,91265,No,V8,71.04,,
Camry Solara,Toyota,1N6AA0CJ6EN107518,Teal,2006,42874,Si,Inline-4,203.37,20375395,04/08/2024
Challenger,Mitsubishi,WAUKH78E37A469790,Indigo,2003,172248,No,V8,342.25,,
DeVille,Cadillac,SAJWJ0FF4F8012988,Crimson,1998,40029,No,Inline-6,175.84,,
CLS-Class,Mercedes-Benz,WAUVT68E72A584925,Maroon,2010,37636,Si,Inline-4,201.6,26096253,16/08/2024
Millenia,Mazda,WAU4GBFB4AN088392,Green,1997,95367,Si,Inline-4,189.06,22572271,17/02/2024
Sonata,Hyundai,JM1DE1KY4C0139158,Teal,2008,24155,No,Inline-6,483.39,,
Somerset,Buick,3C63DRBL1CG640710,Green,1985,46412,No,V12,169.67,,
Fifth Ave,Chrysler,5N1BA0NE1FN383996,Pink,1993,148414,Si,Inline-4,98.82,29000035,18/06/2024
Probe,Ford,1G4GC5GR6CF527335,Mauv,1989,144967,No,Inline-4,51.43,,
Accord Crosstour,Honda,19UUA75528A296657,Teal,2011,241188,No,Inline-6,329.79,,
Miata MX-5,Mazda,WBA3V7C54EP295520,Indigo,1997,161059,No,V6,102.6,,
Fox,Volkswagen,3N1CE2CP9EL318960,Aquamarine,1989,11686,Si,V12,85.18,31881760,22/11/2024
A4,Audi,WAUEG98E06A089106,Puce,2011,173066,Si,V6,225.46,27566398,05/11/2024
9000,Saab,WBA3X5C5XFD653009,Indigo,1993,120911,Si,V6,149.87,29817182,14/03/2024
Neon,Dodge,WAUVVAFR0BA823492,Maroon,2003,224386,Si,Inline-4,224.9,24833583,24/10/2024
LFA,Lexus,WBAVA37517N340399,Puce,2012,142652,Si,Inline-4,469.75,26512668,02/08/2024
Thunderbird,Ford,WAUDG68E35A476211,Red,2003,111662,Si,V8,318.57,30357011,22/03/2024
Legacy,Subaru,1G6KF57995U936534,Puce,2005,127791,No,V6,152.77,,
Silverado 3500,Chevrolet,WAUSF98E27A538910,Turquoise,2003,178456,No,V8,66.22,,
Chevette,Pontiac,JTEBU4BF7AK596280,Indigo,1987,60871,No,V12,474.81,,
i-290,Isuzu,1G6DF577X90814270,Indigo,2007,249451,No,Inline-6,402.86,,
Caravan,Dodge,WA1YD64B84N707839,Goldenrod,1993,26108,Si,Inline-4,404.88,12519144,11/02/2024
Coupe Quattro,Audi,2T3BFREV1EW768959,Teal,1991,60155,No,Inline-6,181.75,,
Tahoe,Chevrolet,WBABD33426P691901,Indigo,2013,10476,No,V8,341.7,,
Envoy,GMC,WBAYA6C53FG812402,Pink,2002,156227,No,V8,345.02,,
Supra,Toyota,WBAPL33519A784711,Yellow,1992,40269,No,V12,314.65,,
300,Chrysler,1C3ADEBZ3DV856634,Indigo,1999,133317,Si,Inline-4,182.92,26161847,28/05/2024
Equinox,Chevrolet,1N6AA0CJ7DN698649,Red,2011,43592,No,V6,452.66,,
E-Class,Mercedes-Benz,1FMJK1H51BE583035,Violet,2001,82012,No,V8,417.62,,
Z4,BMW,JTHBE1BL6FA730682,Green,2004,56259,Si,Inline-6,489.96,25853413,01/09/2024
Explorer,Ford,1N4AA5AP1BC281209,Aquamarine,1991,76569,Si,Inline-6,296.84,29725966,01/06/2024
S10,Chevrolet,WDDHH8JB9FB902367,Indigo,1992,236069,Si,V8,301.79,27743757,07/10/2024
XLR,Cadillac,1GD312CG2BF965632,Red,2007,171652,No,V6,241.07,,
Ram 1500,Dodge,JTDKN3DU4F0525242,Fuscia,2004,74822,No,V6,285.73,,
Savana 1500,GMC,3GYFNGE30DS785345,Mauv,2007,118705,No,Inline-4,138.68,,
CLS-Class,Mercedes-Benz,WAUEH64B81N570584,Fuscia,2012,41929,Si,Inline-4,318.63,14879255,08/01/2024
Grand Caravan,Dodge,1VWAH7A34DC900772,Yellow,1993,21915,Si,V12,382.2,14934324,04/04/2024
Mazda5,Mazda,JN8AF5MR2DT662843,Puce,2007,45938,No,Inline-6,167.53,,
Corvette,Chevrolet,WAUVT68E93A074190,Purple,1996,173216,Si,Inline-6,448.12,27078342,15/04/2024
CTS,Cadillac,2G61L5S30F9920616,Mauv,2007,109219,Si,Inline-4,437.28,18148979,12/07/2024
Sable,Mercury,1N6AD0CUXDN721102,Mauv,1999,238607,No,Inline-6,482.96,,
Trans Sport,Pontiac,JN8AF5MV4FT193920,Maroon,1995,8221,Si,V12,115.37,25232477,24/03/2024
Esteem,Suzuki,1G4PR5SKXD4718908,Mauv,1995,185275,Si,Inline-6,224.79,17827083,08/09/2024
Crown Victoria,Ford,5J8TB4H30FL190016,Violet,1997,13720,Si,V6,194.86,27987693,13/04/2024
Mustang,Ford,WAUET48H86K598654,Goldenrod,2008,201223,No,V6,108.57,,
CR-V,Honda,3C4PDCDG4CT106471,Puce,2012,226617,Si,V6,356.93,13614675,17/07/2024
Eurovan,Volkswagen,WAUMFAFR1FA705000,Maroon,1995,114066,No,V6,495.02,,
Ram Van 3500,Dodge,WAUBF98E58A505272,Pink,1997,16285,No,V6,231.53,,
Exige,Lotus,WBAYB6C56DD677573,Orange,2007,224214,Si,Inline-6,302.6,28734116,25/06/2024
Maxima,Nissan,1N4AL2AP2AN615890,Violet,2002,206870,No,V12,51.37,,
S5,Audi,JTJBC1BA8E2660923,Turquoise,2012,119486,No,V6,445.7,,
F-Series Super Duty,Ford,1GYS3BKJ6FR526133,Crimson,2011,170292,Si,Inline-6,455.65,23714531,18/07/2024
Sorento,Kia,5XYKT3A13DG989016,Orange,2003,9551,No,V12,226.49,,
Insight,Honda,5UXFH0C5XBL061723,Fuscia,2000,64433,No,V12,401.88,,
Riviera,Buick,WBAEB5C54AC868682,Aquamarine,1985,138899,No,Inline-6,485.97,,
Ram 50,Dodge,WA1LFAFP2FA482344,Purple,1993,242370,Si,V8,199.74,32926293,07/04/2024
S-Class,Mercedes-Benz,1FAHP3CN2AW023081,Red,1986,76692,No,V8,223.1,,
STS,Cadillac,SCFLDCFP1EG055838,Mauv,2009,73529,No,V8,111.84,,
Dakota,Ram,5LMCJ1A95FU461430,Green,2011,196641,No,Inline-6,260.86,,
CR-V,Honda,WAULFAFH2EN825561,Green,2000,240259,Si,V6,200.45,18408467,05/03/2024
Silhouette,Oldsmobile,SCFFDABE3CG700847,Fuscia,1999,113840,Si,Inline-4,254.09,21924797,03/12/2024
Mountaineer,Mercury,WBAHN03596D327202,Green,2001,177933,Si,V6,270.61,18432993,06/04/2024
Ram Van 3500,Dodge,5N1AZ2MG8FN509791,Aquamarine,1997,185768,Si,Inline-6,436.65,27811572,02/05/2024
Lumina,Chevrolet,1GYS4AKJ6FR207063,Turquoise,1994,196440,No,V8,340.5,,
Grand Cherokee,Jeep,1GYEC63T82R119266,Fuscia,1993,195920,Si,Inline-4,182.84,31278022,07/08/2024
Vandura 3500,GMC,4JGBB9FB2BA426085,Red,1993,205355,No,V8,117.66,,
Grand Marquis,Mercury,WAU4FAFR7AA589780,Green,1986,9597,Si,V8,264.19,11157651,26/05/2024
Rogue,Nissan,WAUDV94F19N217074,Maroon,2009,220544,Si,V8,456.14,31715205,23/03/2024
200SX,Nissan,1G6DL5E35C0923445,Turquoise,1997,102667,Si,V8,97.65,11530341,05/12/2023
CR-V,Honda,KMHEC4A44DA858248,Teal,2000,1356,Si,V12,441.24,30913492,24/11/2024
Crown Victoria,Ford,3VWF17AT5FM521744,Puce,2007,212710,Si,Inline-4,74.8,19580501,03/08/2024
Ram 3500,Dodge,1GYS3NKJ8FR447970,Orange,2005,166022,Si,V6,444.81,29476455,26/10/2024
Bravada,Oldsmobile,1G6KE57Y02U383617,Turquoise,1993,94730,Si,V8,115.62,20970707,20/08/2024
Yukon,GMC,WAURD68D12A661780,Purple,1993,110775,Si,V6,98.55,28211687,06/02/2024
Mirage,Mitsubishi,3D73Y4CL1BG471386,Crimson,1989,125865,Si,V12,452.41,32400145,07/07/2024
Corvette,Chevrolet,1N4AL2AP7BC204935,Indigo,1992,157223,No,V8,216.16,,
MR2,Toyota,WBA3B1C50F5264767,Crimson,2004,68056,No,V8,287.45,,
Avalanche 2500,Chevrolet,1G6DJ5E32C0565081,Mauv,2003,12607,No,V8,323.27,,
R8,Audi,WAUKF68E95A906303,Crimson,2009,32296,No,V6,324.64,,
E-Series,Ford,SCFAD06D49G816251,Turquoise,2004,96517,No,V8,394.11,,
Sonoma,GMC,4USCN53472L802972,Blue,1996,151804,Si,Inline-6,277.35,18402383,26/10/2024
Brat,Subaru,JN8AS5MT8AW222482,Teal,1984,63351,Si,V12,304.34,31347066,27/12/2023
911,Porsche,1G6AB5SA1E0609674,Purple,2001,203441,No,V12,219.35,,
Town Car,Lincoln,3C6JD7EP8CG187535,Orange,2011,212126,No,V8,332.33,,
Escort,Ford,5XYKT3A14DG536006,Yellow,1991,25178,No,Inline-6,136.62,,
Topaz,Mercury,1N6AA0CA5AN158955,Yellow,1989,47959,No,Inline-6,313.68,,
Fusion,Ford,3D7JB1EP7AG384551,Green,2013,152946,Si,V6,170.72,16494957,20/02/2024
Discovery,Land Rover,5J6TF1H38AL220187,Pink,1999,198292,No,Inline-4,55.9,,
V70,Volvo,5BZBF0AA3FN021645,Mauv,2002,144459,No,V12,397.14,,
Grand Cherokee,Jeep,WBAAX13413P039094,Goldenrod,2011,181730,Si,Inline-6,237.04,23172198,05/02/2024
Bonneville,Pontiac,1N6AF0KY3FN263579,Khaki,1992,59830,No,V12,275.66,,
Highlander,Toyota,WAUSF78E48A155105,Goldenrod,2003,59006,Si,V12,484.51,15490414,22/07/2024
S40,Volvo,1G6DX67D480605274,Red,2001,199404,No,V6,146.79,,
545,BMW,WAUVT54BX4N932525,Blue,2004,26158,No,V8,490.16,,
Matrix,Toyota,WBA3A9C5XEF603903,Purple,2004,23021,No,V8,486.94,,
B-Series Plus,Mazda,3D7TT2CT7AG825350,Khaki,2004,171734,Si,V6,100.09,17998465,31/10/2024
Windstar,Ford,1FTMF1E87AF440409,Mauv,2000,29130,Si,V8,132.5,15706011,04/07/2024
PT Cruiser,Chrysler,WAUCFAFR7BA123201,Teal,2006,65025,No,V6,292.99,,
GT-R,Nissan,JHMZE2H50DS835626,Mauv,2012,79464,Si,Inline-4,65.23,17091535,24/08/2024
Pajero,Mitsubishi,3D73M3CL5BG707446,Teal,1986,17726,Si,V12,455.45,15200316,16/12/2023
E-Series,Ford,2GKALMEK3F6165798,Violet,2009,96534,Si,V12,327.77,11988433,11/01/2024
XC90,Volvo,1GYS3SKJXFR533957,Yellow,2009,77229,Si,V6,220.56,29682567,09/12/2023
Sierra 2500,GMC,WAUBFAFL3AA309663,Khaki,2011,154380,Si,Inline-4,476.13,28842156,13/08/2024
Precis,Mitsubishi,WBA3C3C56EF492077,Goldenrod,1993,12986,Si,V8,110.89,27814904,02/03/2024
Silverado 3500,Chevrolet,SCFEDCAD5BG341015,Pink,2010,11786,Si,Inline-6,432.58,21067749,10/06/2024
Breeze,Plymouth,1GYS4EEJ7CR012846,Indigo,1998,86176,No,V8,58.47,,
NX,Nissan,JM3TB2BA3F0971437,Crimson,1992,31275,No,V6,272.17,,
Rodeo Sport,Isuzu,2HNYD18924H551137,Orange,2003,201290,Si,V12,158.87,28671748,22/07/2024
88,Oldsmobile,JTEBU5JR7E5295689,Turquoise,1992,8509,No,V12,417.29,,
Santa Fe,Hyundai,1G6AZ5SX1F0853777,Purple,2010,7843,Si,Inline-4,400.21,18485228,22/07/2024
Voyager,Plymouth,WBAUP9C58BV038250,Blue,1985,135929,Si,V6,385.38,30187889,10/06/2024
Montana,Pontiac,JN1AZ4FH1FM174467,Goldenrod,2001,23884,No,Inline-6,422.38,,
Camry,Toyota,SCBBP9ZA0DC352930,Green,2007,132893,No,Inline-6,81.83,,
Prowler,Plymouth,4USBT53534L780997,Goldenrod,1997,33186,Si,Inline-4,76.46,31046156,22/03/2024
ES,Lexus,SALFR2BN4CH567749,Turquoise,2007,244300,Si,V12,79.85,29537745,21/09/2024
S90,Volvo,WDDEJ7HB7AA511837,Mauv,1997,182386,Si,V8,93.97,21811191,05/07/2024
Starion,Mitsubishi,WAUKFAFL0BA336188,Maroon,1984,170991,Si,V6,324.88,16781363,22/08/2024
Skyhawk,Buick,2G4WC552271994525,Red,1987,14630,Si,Inline-6,323.18,30691517,11/10/2024
Samurai,Suzuki,2CTALMEC1B6452091,Blue,1992,236049,No,V8,265.72,,
F250,Ford,WAULK78K99N612636,Violet,2008,47400,No,Inline-4,435.36,,
S60,Volvo,3GYEK62N15G534164,Crimson,2011,225324,No,V6,342.1,,
Accent,Hyundai,SAJWA6BUXF8695786,Mauv,2010,32868,No,V8,72.09,,
Supra,Toyota,WBALL5C50CE274179,Turquoise,1993,32747,Si,V8,325.62,17793498,20/08/2024
F250,Ford,JTHBE5C24A5138907,Crimson,1998,192346,Si,Inline-4,483.0,31084357,07/08/2024
Laser,Plymouth,WAUBVAFB3BN388370,Red,1991,82428,Si,V6,106.14,31097541,13/05/2024
Q,Infiniti,1N4AB7AP0EN060802,Puce,1994,160310,No,Inline-4,268.11,,
Explorer,Ford,2HNYD2H84CH499506,Teal,2011,64296,No,Inline-6,188.67,,
Firebird Trans Am,Pontiac,WP0CB2A84FK073442,Violet,1986,26332,Si,V6,69.96,27944225,27/05/2024
M5,BMW,1GYS4JEF6CR571213,Violet,2006,176721,No,V6,269.95,,
Sierra 1500,GMC,WA1VFAFL8DA782117,Pink,2003,5627,No,V6,473.76,,
850,Volvo,WAUHF78P38A662850,Maroon,1996,199759,No,V12,425.02,,
IS,Lexus,SALAC2D48BA025397,Orange,2004,176357,No,V6,263.55,,
Previa,Toyota,5N1AN0NU1BC086529,Indigo,1994,118413,No,Inline-6,440.6,,
SLK-Class,Mercedes-Benz,WA1WMBFE6AD526795,Mauv,2001,225649,No,V8,149.27,,
TSX,Acura,5GAKRDED6CJ872913,Fuscia,2012,109456,Si,V12,74.76,32712434,16/02/2024
Sierra,GMC,1G6DH8E59C0914767,Violet,2010,101817,Si,V12,471.9,15813402,04/08/2024
Bronco II,Ford,YV1902FH2B2299153,Maroon,1990,92694,Si,V6,452.43,30618418,10/04/2024
Type 2,Volkswagen,WAUNG74FX9N462846,Turquoise,1990,117910,No,Inline-6,54.79,,
Blazer,Chevrolet,3VW507AT0FM627260,Indigo,1994,221557,Si,V12,427.77,14959039,28/11/2024
LeSabre,Buick,WBAEK73435B879199,Aquamarine,1991,106588,No,V8,251.85,,
X6 M,BMW,JH4DC54803S833262,Puce,2010,207701,Si,Inline-6,323.87,29161567,20/01/2024
Cayenne,Porsche,KL4CJESB8FB819495,Pink,2004,67329,No,V12,123.21,,
GTO,Mitsubishi,1N6AA0EK2FN872877,Red,1992,100258,Si,V6,251.08,15263565,26/03/2024
Corolla,Toyota,1G6DF8E51C0210875,Blue,1995,148515,Si,V6,441.36,26597122,13/09/2024
E350,Ford,1B3BD1FB8BN748269,Aquamarine,2011,92078,No,Inline-4,436.11,,
Freestyle,Ford,WA1YD54B62N074507,Blue,2007,72386,No,V6,101.95,,
3 Series,BMW,TRUVD38J191083900,Khaki,1998,221999,No,V12,319.53,,
Silhouette,Oldsmobile,KMHTC6AD4DU924623,Puce,2000,76781,Si,Inline-4,459.38,19171659,08/08/2024
V70,Volvo,WBAAN37441N620383,Violet,1998,170274,Si,Inline-4,280.7,28267921,01/07/2024
MX-5,Mazda,JTDKTUD39ED588217,Khaki,2012,86471,No,Inline-4,211.64,,
Suburban 2500,Chevrolet,WBAKF3C55DJ352326,Red,2005,163343,No,V6,483.43,,
W201,Mercedes-Benz,JN1CV6EK3BM265473,Crimson,1986,248226,No,V8,173.9,,
Galant,Mitsubishi,5NPDH4AE3BH805976,Khaki,2011,94708,No,Inline-6,378.27,,
TundraMax,Toyota,1GD311CG8FZ553231,Purple,2009,236487,Si,V12,231.46,32469932,16/03/2024
Malibu,Chevrolet,19UUA76507A862764,Purple,2007,128658,No,V8,284.1,,
Escape,Ford,JH4CL96884C545954,Violet,2007,122398,No,V12,330.25,,
Escalade ESV,Cadillac,WAUD2AFD9DN004632,Mauv,2010,206409,No,V8,274.32,,
Genesis Coupe,Hyundai,JM3KE2BE0F0792410,Goldenrod,2011,83542,No,Inline-4,199.61,,
Tacoma,Toyota,1G6DL8EG9A0675458,Indigo,1995,160289,No,Inline-6,416.96,,
Nuova 500,Fiat,WBA3A5G55EN930122,Khaki,2012,127163,Si,Inline-6,361.94,15759861,23/07/2024
del Sol,Honda,VNKKTUD34FA421869,Aquamarine,1997,30848,Si,Inline-4,499.49,14619937,28/01/2024
Rainier,Buick,ZHWGU5BZ2DL688381,Mauv,2006,77994,Si,Inline-6,194.44,13067198,27/07/2024
A8,Audi,WBAUP7C55DV538910,Goldenrod,2011,143299,No,V6,153.27,,
Tracer,Mercury,1GD21XEG7FZ037597,Khaki,1989,43547,Si,V6,401.89,20737544,23/03/2024
Venture,Chevrolet,1GKUCGEJ4AR847110,Goldenrod,1999,195434,Si,Inline-6,462.28,32060567,23/06/2024
Camry,Toyota,JN1AZ4EH5FM676867,Indigo,2011,81741,No,V6,219.01,,
911,Porsche,WBA3B3G56FN468768,Khaki,2005,115878,Si,V8,235.55,21411387,04/02/2024
Storm,Geo,SAJWA2GZ7E8996222,Puce,1992,181679,No,V8,355.11,,
Pacifica,Chrysler,1FTEW1CM8BF200551,Pink,2005,87013,No,V6,430.02,,
Sable,Mercury,WAUKF78E68A470388,Red,1990,176379,No,Inline-4,113.61,,
F350,Ford,TRUUT28N851623491,Mauv,1994,7994,Si,Inline-6,368.89,26598242,11/04/2024
F430 Spider,Ferrari,WBAPK7G51BN768737,Turquoise,2006,111127,No,V12,54.98,,
Fortwo,Smart,WP0CA2A82FK779568,Teal,2012,122761,No,Inline-6,69.4,,
GTI,Volkswagen,WAUCFAFH6BN923326,Turquoise,2007,197182,No,Inline-4,218.59,,
Tempo,Ford,5TDDW5G1XFS364024,Red,1991,52341,No,V6,112.31,,
Crosstour,Honda,WBAEJ13483A093076,Aquamarine,2012,75892,No,Inline-4,463.63,,
V50,Volvo,2V4RW3D15AR210603,Blue,2010,209458,Si,Inline-4,405.49,26037562,20/12/2023
Regal,Buick,WBAVB73568V192438,Indigo,1986,75729,No,V12,162.07,,
GL-Class,Mercedes-Benz,KMHGH4JH6EU991283,Khaki,2008,24298,Si,V8,469.66,22623356,27/05/2024
Forte,Kia,1GYFC13219R147497,Blue,2011,57199,No,V12,357.74,,
B-Series,Mazda,5N1BA0NE7FN797252,Khaki,1995,33037,No,V12,105.63,,
Savana 1500,GMC,SCBGU3ZA9DC715365,Turquoise,2011,164865,Si,V12,117.1,30583128,01/02/2024
Edge,Ford,WAU3FAFR9BA296587,Indigo,2013,200585,Si,V12,393.6,18076904,11/08/2024
RAV4,Toyota,2G4GX5GV2B9673272,Blue,2002,27634,No,V12,440.17,,
Esprit,Lotus,1LNHL9DRXAG450508,Khaki,1989,16977,Si,V12,412.46,17362809,03/06/2024
Accord,Honda,5UXKR6C56E0831789,Blue,2011,236191,Si,V12,328.06,14863282,02/07/2024
B-Series,Mazda,WAUET48H56K213146,Yellow,1991,133221,No,V12,178.39,,
Aurora,Oldsmobile,1C4RJEAG5FC379209,Teal,2002,58606,No,V8,343.36,,
DeVille,Cadillac,SAJWA4FC1EM266645,Pink,1993,51272,No,Inline-6,215.9,,
Sierra 2500,GMC,WP0AA2A84CS262422,Khaki,2007,228889,Si,V6,60.19,11257388,17/03/2024
Safari,GMC,SAJWA4DC2CM590977,Red,1997,155138,No,Inline-4,248.75,,
Sonata,Hyundai,JN1AZ4EH5FM487734,Maroon,2000,166690,No,Inline-6,142.77,,
SLS-Class,Mercedes-Benz,3D4PG3FGXBT514110,Fuscia,2012,109501,No,V6,116.95,,
Sierra 1500,GMC,WBA3R5C5XFF227951,Mauv,2013,84011,Si,V12,468.41,24396789,05/09/2024
Town & Country,Chrysler,JN8AZ1MU4DW681543,Teal,2012,53362,No,V8,387.5,,
Prelude,Honda,SALVN2BG5FH193701,Khaki,1992,72870,No,Inline-4,414.09,,
Yukon XL 1500,GMC,SALGR2VF0FA389859,Mauv,2002,40345,Si,V12,425.1,27469075,22/03/2024
LHS,Chrysler,3N1BC1AP8BL285749,Orange,1995,175087,Si,V8,71.85,14581071,03/09/2024
Express 2500,Chevrolet,5FNRL5H25BB325930,Turquoise,2002,188110,Si,V6,65.87,28049438,19/07/2024
TT,Audi,JTDKDTB35D1572607,Aquamarine,2004,231327,No,V6,412.29,,
E250,Ford,1GYS4EEJ0CR422100,Pink,2003,16277,Si,Inline-6,75.55,16099566,14/09/2024
C8 Double 12 S,Spyker,1J4RG4GK7AC293486,Green,2006,2279,No,V12,337.82,,
Quattroporte,Maserati,3D73M4HL7BG113228,Goldenrod,2012,154708,No,V8,339.5,,
Ram 2500,Dodge,1G4HP57276U596370,Khaki,1995,167373,No,Inline-4,206.63,,
S4,Audi,JM1DE1KY1E0811485,Turquoise,2002,247296,Si,V12,445.49,16960808,05/10/2024
Mountaineer,Mercury,JN8AZ1FYXBW689045,Aquamarine,2004,214274,Si,Inline-4,317.5,15072890,03/07/2024
MR2,Toyota,JM1NC2JF4C0211282,Aquamarine,1987,239466,Si,Inline-6,390.26,28390273,07/08/2024
Yukon XL 1500,GMC,WP0CB2A8XFK843062,Indigo,2000,30881,Si,Inline-4,387.37,19605082,24/11/2024
Land Cruiser,Toyota,19UUA66266A026195,Teal,2001,82176,No,V8,311.34,,
Cayenne,Porsche,WAUGGAFC0CN837823,Violet,2006,73614,Si,V8,145.85,20629494,07/12/2023
164,Alfa Romeo,1G4HE57Y87U850955,Yellow,1993,53087,No,V6,486.14,,
F-Series,Ford,1YVHZ8BH9D5148533,Yellow,1986,158618,No,Inline-6,463.62,,
NSX,Acura,WAUKF98E57A583856,Fuscia,1998,206653,Si,Inline-6,116.65,25269226,20/06/2024
Vandura 2500,GMC,WA1AY94L68D855354,Blue,1994,184115,No,Inline-6,474.75,,
Town Car,Lincoln,JH4DC53096S655318,Crimson,1984,168111,Si,Inline-4,447.74,28304696,22/10/2024
Grand Prix,Pontiac,WAUAH94F06N808809,Blue,1970,121723,Si,V12,83.41,13627077,18/06/2024
Q,Infiniti,WAUGF98K39A271422,Turquoise,1994,17748,No,V8,164.22,,
2500,Chevrolet,1C4SDJCT1CC972296,Aquamarine,1994,165320,Si,Inline-6,305.06,25026868,22/10/2024
7 Series,BMW,JN8AZ1MUXEW796861,Teal,2000,95388,No,V6,409.41,,
Taurus,Ford,1FTMF1CW4AK547412,Khaki,1993,177390,Si,V8,320.62,23101724,03/05/2024
Montego,Mercury,WAUVFAFR5CA032521,Crimson,2006,93493,Si,Inline-4,278.98,21255907,03/07/2024
Town Car,Lincoln,WAUEF78E78A041497,Mauv,1997,245259,Si,V6,457.07,29894833,02/01/2024
944,Porsche,1C3BCBGG0CN614573,Goldenrod,1991,48123,No,Inline-4,429.7,,
Allante,Cadillac,3C3CFFHH3ET093037,Puce,1992,233451,Si,Inline-4,228.25,26666370,09/04/2024
Volare,Plymouth,WBABN53433P367215,Aquamarine,1976,228643,No,Inline-4,127.4,,
Vandura 3500,GMC,SALCP2BG9FH627779,Blue,1994,66395,Si,V8,491.02,14588830,21/03/2024
S40,Volvo,WAUHGBFC7EN352947,Turquoise,2003,73234,Si,V6,76.72,18826469,03/04/2024
Lancer,Mitsubishi,1YVHZ8BH7A5651599,Mauv,2011,201911,No,V12,156.5,,
HHR,Chevrolet,1C6RD6GPXCS895613,Puce,2008,169109,Si,Inline-4,269.15,22758355,06/11/2024
Corvette,Chevrolet,WBAWV535X8P826886,Goldenrod,1972,53427,Si,V6,145.63,19107354,02/12/2024
XC90,Volvo,5N1CR2MM1EC770575,Blue,2008,234080,Si,V8,389.96,22209121,25/09/2024
rio,Volkswagen,3D73M3CL6BG463743,Orange,1995,162466,No,V12,310.73,,
Prizm,Geo,WAUUL98E68A355996,Purple,1994,60631,No,V12,437.22,,
Metro,Chevrolet,JM3KE2BE6E0667913,Pink,1999,71319,Si,V8,408.82,15320491,13/08/2024
Venture,Chevrolet,1N6AF0LX7FN239601,Goldenrod,2002,32804,Si,V8,394.79,16552162,31/05/2024
300ZX,Nissan,WBA3R5C51EF881820,Violet,1991,213733,No,V8,62.32,,
Passat,Volkswagen,1FTEW1E80AF747053,Fuscia,1999,52594,Si,Inline-4,89.33,31627294,10/07/2024
TT,Audi,1GYS3JEF8DR505752,Red,2009,72155,Si,V6,107.24,31329450,05/12/2023
Pacifica,Chrysler,1G4PS5SK6C4852124,Khaki,2006,142645,No,Inline-4,381.5,,
Thunderbird,Ford,1N6AF0KX6FN110282,Yellow,1994,133135,No,Inline-6,278.62,,
S4,Audi,1G6KD54Y24U474317,Turquoise,2009,67512,No,Inline-4,487.56,,
Mazda5,Mazda,SCFHDDATXEG243757,Turquoise,2010,195185,Si,Inline-4,348.49,17988935,25/03/2024
I,Infiniti,3GTU2YEJ4BG732349,Orange,2003,17928,Si,V6,77.63,27069468,23/07/2024
Uplander,Chevrolet,WDDEJ7EBXDA252897,Mauv,2006,18972,Si,Inline-4,443.76,23148271,05/06/2024
Continental Mark VII,Lincoln,5J8TB3H3XDL289661,Red,1991,119851,No,V8,356.14,,
XC90,Volvo,JTHBE1BLXF1853837,Khaki,2006,188839,Si,V6,175.19,11873729,30/12/2023
Tundra,Toyota,SCFBF03B57G425303,Puce,2004,228670,No,V8,176.0,,
Expedition EL,Ford,WBAEB53539C651944,Mauv,2012,240513,No,V6,399.31,,
Integra,Acura,SALAC2D44AA834975,Puce,1993,97362,No,V6,364.06,,
CR-V,Honda,3C6JD6AK3CG532054,Indigo,1997,249890,Si,Inline-4,53.5,32020843,01/03/2024
Grand Marquis,Mercury,1G4HE57Y78U423106,Orange,2000,38675,Si,Inline-4,493.82,30671834,31/03/2024
Wrangler,Jeep,ML32A3HJ1EH265459,Turquoise,2010,154302,No,V6,308.84,,
Sonata,Hyundai,1FTEW1C80AK747080,Turquoise,2013,32718,No,V12,310.57,,
Mustang,Ford,2C4RDGBG5FR130692,Indigo,2013,115496,No,V12,54.85,,
MKX,Lincoln,WAUMF68PX6A393770,Mauv,2013,76523,No,V12,442.04,,
Safari,Pontiac,WBADS43431G790630,Teal,1986,245480,Si,V12,487.65,16659387,16/08/2024
CR-V,Honda,3C4PDDAG8ET167884,Orange,2004,111301,Si,V8,416.77,22659332,09/05/2024
Pathfinder,Nissan,JH4DC54813C150853,Violet,1996,172425,Si,V6,117.68,16128091,25/04/2024
911,Porsche,JTHBK1EG5C2329234,Khaki,2009,96991,No,V8,91.28,,
Amigo,Isuzu,JN8CS1MW7FM649330,Turquoise,2000,148877,No,Inline-4,454.45,,
Tacoma,Toyota,WBAVM5C51FV816481,Violet,2006,62307,Si,V12,326.99,20387886,19/04/2024
Loyale,Subaru,WAUJGAFC3DN893617,Purple,1994,40620,Si,V8,152.07,26383997,17/09/2024
Jimmy,GMC,WAULT68E95A467990,Orange,1993,44098,Si,V6,84.89,19770603,28/04/2024
Golf,Volkswagen,WAU3GBFC7DN165801,Fuscia,1976,7731,Si,Inline-6,191.61,16044464,24/01/2024
B2500,Mazda,WBADT33483G998819,Purple,2001,240495,No,Inline-6,317.93,,
Landaulet,Maybach,3C4PDCBBXDT806052,Orange,2010,192212,No,V12,426.32,,
MX-5,Mazda,WBAFR7C57CD649269,Orange,2002,3913,Si,Inline-4,75.96,15107865,15/02/2024
Ram Van 1500,Dodge,WBADN63432G302121,Crimson,2001,80207,No,V6,244.76,,
Golf,Volkswagen,1G6DX67DX90923322,Yellow,1986,173711,No,V12,78.22,,
Accord,Honda,WAULFAFR2DA533908,Indigo,1989,120756,Si,Inline-4,403.4,32479140,07/01/2024
Astro,Chevrolet,2C3CDXHG5DH011206,Red,1998,69216,No,Inline-6,436.28,,
Typ-1,Aptera,4T1BD1EB0FU550924,Purple,2008,164235,Si,V6,78.84,21552688,27/12/2023
A6,Audi,WVWAN7AN6EE448066,Teal,1999,194519,No,V8,129.53,,
VehiCROSS,Isuzu,JHMFA3F24AS102326,Violet,2001,114390,No,Inline-6,342.53,,
Yukon XL 1500,GMC,WAUDF98E98A722297,Yellow,2006,111107,No,Inline-4,222.83,,
Courier,Ford,WAUKFAFL9EA895680,Green,1989,73300,Si,V8,348.28,28591689,21/06/2024
Sable,Mercury,WBA3C1C53CA443062,Aquamarine,1988,80016,No,Inline-4,287.51,,
Colt,Dodge,1C6RD6GP3CS697214,Khaki,1993,146270,Si,Inline-6,333.63,15955313,19/09/2024
Elantra,Hyundai,1G6YV36A865263468,Crimson,2010,46868,No,V8,471.63,,
Bravada,Oldsmobile,WBANB33574B287854,Yellow,1996,103088,Si,Inline-6,72.56,20362793,28/05/2024
Sonoma,GMC,1GKS1FEJ8CR699246,Goldenrod,1997,80623,Si,Inline-4,269.62,21342027,10/11/2024
H2,Hummer,3GYVKLEF0AG343347,Teal,2008,59695,No,V8,62.4,,
QX56,Infiniti,2G61L5S34F9293452,Yellow,2012,90233,No,Inline-6,382.52,,
GL-Class,Mercedes-Benz,5XYZT3LBXFG583290,Puce,2007,226952,No,Inline-4,83.42,,
Corolla,Toyota,1GD12ZCG4BF764859,Mauv,2002,216819,Si,V12,360.96,26553863,23/05/2024
S-Series,Saturn,1FTMF1CW8AK629174,Khaki,1995,147385,Si,V6,128.6,31928157,04/05/2024
Eclipse,Mitsubishi,W04GY5GV4B1906147,Pink,1989,111525,Si,V8,291.36,20341366,17/09/2024
CR-V,Honda,WAUEF78E06A141454,Mauv,2010,83818,Si,Inline-6,70.59,31877495,30/11/2024
F-Series Super Duty,Ford,1G4HP54K21U948560,Maroon,2008,44800,Si,Inline-4,482.29,31757576,24/04/2024
MDX,Acura,WUALNAFG5EN222586,Red,2003,15335,Si,V12,480.31,14993139,18/11/2024
Sienna,Toyota,1GTN1UEH4EZ773257,Crimson,2002,160480,No,V8,180.38,,
Sebring,Chrysler,1G6DX67D380380443,Turquoise,2010,69234,No,Inline-4,286.2,,
Elantra,Hyundai,WBAWL73518P091829,Puce,2003,159341,No,V8,132.15,,
New Beetle,Volkswagen,5GAKRBKD3DJ219921,Red,2006,87024,Si,V8,216.07,27625944,04/05/2024
Pajero,Mitsubishi,WBA1F5C53EV534852,Crimson,1994,40229,No,V6,496.77,,
Rodeo,Isuzu,WAUEKBFB9BN663512,Crimson,2000,192121,No,Inline-6,60.43,,
Nubira,Daewoo,3D73M3CL7BG223259,Mauv,2001,209360,Si,Inline-6,258.96,15609935,29/05/2024
Pajero,Mitsubishi,WA1LFAFP1CA543209,Mauv,1996,40058,No,Inline-4,222.34,,
Sentra,Nissan,WAUJT58E74A148815,Crimson,2009,104664,Si,Inline-6,486.6,20155247,12/07/2024
164,Alfa Romeo,WBANB33575C362919,Violet,1993,207778,Si,V6,329.27,24385322,17/01/2024
Element,Honda,1G6DM1E32D0307936,Crimson,2008,98626,No,V8,322.82,,
Carens,Kia,WBASP0C53DC644220,Mauv,2009,25708,No,Inline-4,279.09,,
S-Type,Jaguar,1FMJK2A54AE672368,Violet,2006,74255,Si,Inline-6,138.85,25188953,22/10/2024
Bravada,Oldsmobile,WBAPN73559A260432,Blue,1994,139855,No,V6,371.58,,
Rabbit,Volkswagen,JN8AZ2KR3DT366965,Fuscia,2008,46537,No,V8,468.73,,
Corsica,Chevrolet,WAUSF78K19A532027,Goldenrod,1995,243483,Si,Inline-4,342.55,28720854,25/05/2024
Caravan,Dodge,2G4WF551831011078,Indigo,2000,30585,No,V6,356.99,,
Ram 1500,Dodge,JH4DC53833C875761,Blue,2003,150419,Si,V12,436.45,17386594,31/12/2023
Econoline E150,Ford,TRUVD38J091194907,Teal,1995,36863,No,Inline-6,305.57,,
SC,Lexus,5FPYK1F26DB417486,Goldenrod,1994,3683,Si,V12,496.75,22263790,18/04/2024
Golf,Volkswagen,KMHTC6AD6DU474053,Aquamarine,1989,246270,No,V6,312.71,,
940,Volvo,1G6EL12YX2B814494,Maroon,1992,237552,No,V6,379.04,,
Defender,Land Rover,1G6AB5S37F0747397,Pink,1992,241753,Si,V12,295.08,26808305,25/06/2024
Veyron,Bugatti,JM1NC2LF5F0541871,Mauv,2009,49690,No,V6,303.67,,
F350,Ford,SCBLF44J88C028776,Purple,2003,43539,No,V12,92.02,,
Passat,Volkswagen,JN8AF5MR1DT745163,Fuscia,2004,209221,No,V6,165.93,,
Liberty,Jeep,5TDBW5G11FS600387,Khaki,2003,179825,Si,V12,131.08,30789114,12/01/2024
Solara,Toyota,WAUBNBFB4BN210201,Teal,2006,230941,Si,Inline-6,407.45,21641074,18/02/2024
LS,Lexus,1GYEE637790879085,Fuscia,1994,23727,No,Inline-6,112.02,,
Montana,Pontiac,1FMEU7EE1AU164528,Orange,2000,143465,Si,Inline-4,448.09,30533616,04/07/2024
Matrix,Toyota,WBA3B1C54DF408330,Maroon,2003,37096,No,V8,254.77,,
Grand Prix,Pontiac,WAULT68E45A470862,Puce,1970,71752,No,Inline-4,411.48,,
Pathfinder,Nissan,WBA3C3C5XEK350970,Pink,1994,62937,No,Inline-4,324.12,,
Trans Sport,Pontiac,JH4CU4F69DC891851,Puce,1992,31703,No,V6,160.94,,
9-2X,Saab,WDDEJ8GB2AA073977,Mauv,2006,128077,No,V8,256.0,,
Sequoia,Toyota,4T1BF1FK6CU447186,Puce,2003,81160,No,Inline-6,454.86,,
DeVille,Cadillac,2C3CDXEJ1DH932967,Yellow,2002,144144,Si,V6,349.72,15709099,22/07/2024
Uplander,Chevrolet,WBA3T7C5XF5450025,Violet,2007,200503,No,V12,82.01,,
Accent,Hyundai,JHMGE8G23AS462921,Aquamarine,2000,94515,Si,Inline-6,460.73,19936956,27/11/2024
Camaro,Chevrolet,WA1VMBFE1AD986670,Crimson,1998,25182,No,V12,310.87,,
Escalade EXT,Cadillac,3D7TT2CT6AG157282,Orange,2004,13084,Si,V8,194.55,17014905,03/05/2024
XJ Series,Jaguar,5N1BA0NC3FN388552,Khaki,1999,137621,Si,V8,162.6,11000388,06/05/2024
Expedition,Ford,WA1DMAFP7EA543616,Orange,2009,223782,Si,V6,337.84,12291445,22/03/2024
G-Series 1500,Chevrolet,YV4952CF8C1293095,Goldenrod,1997,73648,No,V12,492.79,,
Civic,Honda,1N6AF0KY2FN418686,Pink,1996,229058,Si,V8,181.94,21231609,29/02/2024
M-Class,Mercedes-Benz,5J8TB18239A655961,Violet,1998,151842,No,V12,406.81,,
Safari,GMC,19UUA65654A259485,Green,1999,148787,No,Inline-6,63.91,,
S40,Volvo,1GD312CG4CF045471,Blue,2008,245063,No,V8,56.6,,
DeVille,Cadillac,WDBWK5JA9BF538199,Pink,1994,21334,No,V6,208.92,,
LS,Lexus,JN1AZ4EH0AM253137,Fuscia,2002,2169,Si,Inline-6,403.86,14371903,07/03/2024
Impala,Chevrolet,1GD120EG4BF985936,Teal,1996,64655,Si,Inline-6,163.44,27442479,30/09/2024
I,Infiniti,1FTNS1EW5AD916375,Indigo,2003,73979,Si,Inline-6,246.01,21511490,20/09/2024
Spider,Alfa Romeo,KNAFU6A2XA5836790,Orange,1993,19999,No,V12,110.36,,
Vantage,Aston Martin,1G6AX5S37F0726342,Mauv,2006,199741,Si,V8,83.88,23648526,22/06/2024
A4,Audi,SAJWA2GZ4E8017403,Mauv,1999,57659,Si,Inline-6,327.69,14458241,08/08/2024
Veyron,Bugatti,3C63D2GL4CG800658,Crimson,2009,59752,No,V12,309.99,,
Neon,Dodge,4T3BA3BB6BU565549,Purple,2001,107545,No,V6,268.49,,
Escape,Ford,WBA3B1C58EP718993,Crimson,2012,142974,No,V6,143.98,,
Rabbit,Volkswagen,KNDPB3A28B7734213,Mauv,2008,103539,No,V12,201.67,,
Xterra,Nissan,SCFEBBAK9CG665469,Fuscia,2007,222581,Si,V8,190.77,29746792,25/12/2023
Torrent,Pontiac,1D4RD2GG1BC723662,Khaki,2006,163673,Si,V6,190.75,25613340,07/08/2024
9-5,Saab,WBA6B2C56FD734633,Goldenrod,2005,210544,Si,Inline-4,291.44,27403660,11/05/2024
