Ced_cliente,Nombre,Apellido,Email,Cantidad_Vehiculos_Rentados,Direccion,Activo
19944746,Ferdie,Cossentine,fcossentine0@hud.gov,44,0 Loeprich Terrace,No
18282095,Anabelle,McIndoe,amcindoe1@dailymail.co.uk,6,560 Blackbird Circle,No
15745281,Nikola,Roff,nroff2@nyu.edu,3,757 Derek Point,No
14892657,Rakel,Tabner,rtabner3@imdb.com,12,64234 Oak Valley Road,No
17930892,Alice,Wards,awards4@goodreads.com,19,7408 Vernon Crossing,Si
25497851,Bobbi,Bostock,bbostock5@disqus.com,24,584 Hanover Drive,Si
26388953,Doti,Perkinson,dperkinson6@rediff.com,19,59 Algoma Crossing,No
23396145,Heinrick,Mayoral,hmayoral7@bing.com,42,36 Kinsman Center,No
27030320,Leland,Oglevie,loglevie8@reference.com,5,778 Beilfuss Point,Si
15168011,Griffy,McGeachy,gmcgeachy9@disqus.com,49,6602 Dwight Street,No
23951622,Avery,Tomkiss,atomkissa@yahoo.co.jp,25,9101 Brown Drive,No
15093696,Mae,Rustan,mrustanb@rakuten.co.jp,40,061 Briar Crest Court,No
19584243,Annabela,Caldero,acalderoc@globo.com,41,0103 Lindbergh Point,No
28538794,Ase,Iacapucci,aiacapuccid@nature.com,46,30 Holmberg Alley,No
28491438,Tiphanie,Causbey,tcausbeye@paginegialle.it,26,21 Butternut Avenue,No
20163214,Jourdain,Comins,jcominsf@harvard.edu,17,7 Pond Park,No
17047199,Piter,Sushams,psushamsg@tiny.cc,42,47 Mariners Cove Place,No
20412716,Sterne,Wonter,swonterh@dion.ne.jp,48,4 Ruskin Pass,No
32588188,Alisun,Squibbs,asquibbsi@hugedomains.com,39,958 Heffernan Trail,Si
30083204,Abbey,Buckthought,abuckthoughtj@nps.gov,16,9 Rowland Avenue,Si
29916708,Crystie,Elsop,celsopk@princeton.edu,33,50842 Sunbrook Road,Si
16469163,Miriam,Blackhall,mblackhalll@artisteer.com,47,24889 Anderson Park,Si
26282907,Alf,Pink,apinkm@1und1.de,30,03770 American Ash Way,No
13262821,Elsie,Kench,ekenchn@chron.com,1,2950 Prairieview Avenue,No
17063831,Anestassia,Beney,abeneyo@google.nl,19,06633 Buhler Pass,No
17006326,Paul,Stallen,pstallenp@apple.com,44,6 Rigney Street,No
15107853,Ty,Karleman,tkarlemanr@senate.gov,36,8777 Coleman Center,No
20626042,Victoria,Eccleshall,veccleshalls@istockphoto.com,2,36827 Southridge Street,Si
14597447,Perry,Janca,pjancat@weebly.com,22,8270 Ilene Place,No
17154223,Genovera,Tranfield,gtranfieldu@jimdo.com,37,55510 Arapahoe Street,No
28176116,Bunnie,Carcass,bcarcassv@issuu.com,25,555 Linden Court,Si
30632770,Elisabeth,Pead,epeadw@upenn.edu,1,41919 Dryden Road,No
30567730,Harp,MacGorrie,hmacgorriex@macromedia.com,44,39 Cordelia Terrace,Si
11099055,Ramsay,Kingsworth,rkingsworthy@spotify.com,30,48 Debra Place,No
16329974,Zachary,Yashin,zyashinz@drupal.org,30,37 Saint Paul Junction,No
12940038,Naomi,Dhennin,ndhennin10@rambler.ru,16,2 Londonderry Circle,No
22224726,Bartholomeus,Kirsz,bkirsz11@com.com,30,41 Pleasure Court,Si
17900234,Karrah,Arnley,karnley12@businessweek.com,35,7635 Superior Trail,No
25221821,Muffin,Stockhill,mstockhill13@miibeian.gov.cn,43,667 Lyons Point,No
30757954,Giacinta,Joseph,gjoseph14@macromedia.com,42,8544 Eliot Crossing,Si
30447303,Shellie,Southeran,ssoutheran15@plala.or.jp,12,6 Bartillon Circle,No
19269407,Leonora,Karmel,lkarmel16@techcrunch.com,45,8 Utah Plaza,Si
18094299,Justinian,Goldine,jgoldine17@huffingtonpost.com,9,932 Laurel Center,Si
26626291,Coletta,Oldale,coldale18@forbes.com,2,9230 Green Ridge Junction,No
23333817,Onfroi,Scutter,oscutter19@census.gov,43,9851 5th Way,No
12945783,Tripp,Cuardall,tcuardall1a@tinypic.com,6,2 Brown Street,Si
11847962,Homere,Coopland,hcoopland1b@slideshare.net,34,88635 Loomis Plaza,Si
31572827,Durward,Ivantyev,divantyev1c@bizjournals.com,21,171 Harbort Center,Si
11382246,Georgi,Wise,gwise1d@amazon.co.jp,40,3703 Corry Point,No
15143490,Kurtis,McElree,kmcelree1e@domainmarket.com,43,0296 Meadow Valley Way,No
27907677,Iormina,Candie,icandie1f@who.int,32,18 Schlimgen Plaza,Si
27055272,Kathlin,Maciunas,kmaciunas1g@engadget.com,30,6 Bluestem Avenue,No
31306836,Edmon,Kock,ekock1h@google.cn,46,24 Northview Circle,No
19563091,Davis,Piatto,dpiatto1i@ca.gov,22,443 Delaware Point,Si
21920756,Vidovic,Siggins,vsiggins1j@dion.ne.jp,14,73167 4th Circle,No
21634737,Rivkah,Beetham,rbeetham1k@kickstarter.com,33,9855 Shoshone Junction,Si
18529731,Nanine,Mc Comb,nmccomb1l@1und1.de,30,2 Bartelt Trail,Si
18010385,Burl,Tadman,btadman1m@mlb.com,25,07433 Holmberg Terrace,Si
30657318,Dorise,Gjerde,dgjerde1n@weather.com,12,01 Bowman Crossing,Si
18560392,Quinlan,Spata,qspata1o@fastcompany.com,12,039 Village Trail,No
18501725,Carney,Craigg,ccraigg1p@nhs.uk,31,35 Warner Place,Si
24667758,Gayelord,Ensley,gensley1q@apple.com,9,81 Bunker Hill Junction,No
23217823,Bobbe,Brawson,bbrawson1r@harvard.edu,9,83 Comanche Way,No
13248617,Mela,Orth,morth1s@oracle.com,40,51 Vernon Hill,Si
29237979,Marj,Buffery,mbuffery1t@aol.com,38,4546 Meadow Vale Circle,Si
28281884,Maressa,Brash,mbrash1u@statcounter.com,36,53 Blue Bill Park Pass,No
12076240,Giraldo,Romme,gromme1v@nyu.edu,14,82 Miller Court,No
32158578,Rene,Havik,rhavik1w@goo.gl,31,74949 Clove Street,No
26178932,Jud,Scrymgeour,jscrymgeour1x@seattletimes.com,44,02036 Esker Junction,Si
11864491,Myrle,Earsman,mearsman1y@ca.gov,37,003 Drewry Parkway,Si
25455527,Chandler,Ciccottini,cciccottini1z@foxnews.com,12,7002 Banding Plaza,Si
12910196,Berta,Foran,bforan20@dagondesign.com,7,253 Cambridge Hill,Si
28867974,Amie,Merton,amerton21@vkontakte.ru,12,0 Park Meadow Center,Si
23054625,Maribel,Haughan,mhaughan22@google.fr,42,2 Lake View Avenue,No
30987748,Garrick,Edbrooke,gedbrooke23@google.pl,46,704 Algoma Street,Si
15033525,Orton,Buffey,obuffey24@ow.ly,30,24158 Buhler Point,Si
29090574,Carilyn,Probate,cprobate25@yellowpages.com,39,3 Kedzie Crossing,Si
30533067,Georgeanna,Whittock,gwhittock26@elegantthemes.com,2,58575 Golf View Alley,Si
22868811,Colet,Ricciardi,cricciardi27@japanpost.jp,26,7 Redwing Terrace,No
20131153,Kelsi,Greim,kgreim28@cdc.gov,28,6649 Blaine Junction,Si
25870544,Avis,Reschke,areschke29@google.co.uk,30,4 Melrose Pass,No
26089254,Uriel,Karlsen,ukarlsen2a@ow.ly,3,966 Bartelt Crossing,No
15771372,Kendricks,Colten,kcolten2b@odnoklassniki.ru,40,636 Buhler Plaza,Si
19199286,Bibi,Sture,bsture2c@trellian.com,48,7 Red Cloud Street,Si
25895927,Stacey,Blaik,sblaik2d@toplist.cz,5,0394 Utah Street,Si
23234838,Maggy,Cathee,mcathee2e@sphinn.com,48,272 Petterle Pass,No
27173691,Elvyn,Gurko,egurko2f@nymag.com,19,45 Village Green Lane,Si
12376804,Freddy,Spiteri,fspiteri2g@furl.net,49,73187 Vera Plaza,Si
30831415,Morty,Gatrill,mgatrill2h@twitter.com,49,44 Canary Way,Si
31701639,Wyn,Arnao,warnao2i@baidu.com,11,2 Barby Court,Si
17741702,Melisandra,Dmtrovic,mdmtrovic2j@hugedomains.com,39,416 Waywood Center,No
27747196,Raychel,Hintze,rhintze2k@cloudflare.com,13,279 Mccormick Center,Si
26334563,Bryce,Chrestien,bchrestien2l@cornell.edu,28,9 Walton Terrace,Si
12822440,Ariadne,Weighell,aweighell2m@cnet.com,27,1601 Upham Center,No
19797653,Beale,Aleksahkin,baleksahkin2n@miibeian.gov.cn,25,2933 Scofield Court,Si
16171850,Almeda,Taunton.,ataunton2o@cnet.com,41,71 Mallory Crossing,Si
25614621,Evered,Lightwing,elightwing2p@mayoclinic.com,7,21 Corben Lane,Si
15340584,Terence,Godier,tgodier2q@homestead.com,24,413 Eagle Crest Crossing,Si
17169418,Elenore,Repp,erepp2r@mlb.com,13,500 Elmside Circle,No
28221496,Augustine,Loyley,aloyley2s@domainmarket.com,20,8 East Alley,Si
19442215,Maribeth,Alessandrini,malessandrini2t@nydailynews.com,37,8323 Eagan Center,Si
28954175,Normand,Richley,nrichley2u@google.it,7,60 Schiller Terrace,No
28992325,Phip,Devey,pdevey2v@china.com.cn,50,47516 Kenwood Pass,No
15199237,Verney,Potter,vpotter2w@prweb.com,27,35 Pine View Alley,No
32686592,Inez,Tonner,itonner2x@alibaba.com,42,58 Arrowood Lane,No
24561201,Glyn,Cadge,gcadge2y@zdnet.com,3,0 Iowa Way,Si
21804422,Romain,Molen,rmolen2z@php.net,28,068 Westridge Road,No
26374376,Winifield,Rablen,wrablen30@edublogs.org,41,9 Jenifer Pass,No
17112733,Saba,Trowell,strowell31@usatoday.com,31,5059 Morningstar Road,No
17590223,Jessi,Soff,jsoff32@reddit.com,44,00 Steensland Center,Si
30337712,Lovell,Peres,lperes33@w3.org,23,6 Glacier Hill Way,Si
27745131,Rana,Binning,rbinning34@nationalgeographic.com,22,137 Red Cloud Park,Si
22000679,Gran,O'Gaven,gogaven35@alibaba.com,23,9 Lighthouse Bay Pass,No
24421131,Niki,Krystof,nkrystof36@wired.com,17,823 Redwing Parkway,Si
28044574,Griz,Bridgens,gbridgens37@artisteer.com,26,3251 Stang Parkway,Si
22274927,Farrell,Bourdel,fbourdel38@edublogs.org,25,24 8th Street,No
14618263,Meryl,Southerton,msoutherton39@accuweather.com,10,962 Sycamore Hill,No
17419721,Frannie,Edmunds,fedmunds3a@biglobe.ne.jp,49,0005 Nancy Terrace,No
21129836,Gerhard,Kissock,gkissock3b@tamu.edu,19,957 Hauk Lane,No
24288283,Fran,Giuron,fgiuron3c@sogou.com,19,097 Hoepker Circle,No
28820612,Shalna,Oldridge,soldridge3d@t.co,28,9714 Pankratz Junction,No
28997872,Bone,Buckston,bbuckston3e@hatena.ne.jp,41,11340 Atwood Street,Si
11948033,Elisha,Hornung,ehornung3f@eepurl.com,36,1421 Continental Alley,No
17054729,Candra,Pitson,cpitson3g@shareasale.com,6,5 Stephen Park,Si
11358816,Ralf,Flipsen,rflipsen3h@tumblr.com,32,11483 Birchwood Hill,Si
14521414,Cristobal,Woodard,cwoodard3i@plala.or.jp,34,8 Heffernan Alley,No
26471228,Maritsa,Malster,mmalster3j@ucsd.edu,31,89439 Stephen Road,No
31671942,Cyrillus,Davidzon,cdavidzon3k@thetimes.co.uk,33,41413 Sachs Hill,No
22617642,Wolfie,Youthed,wyouthed3l@vimeo.com,49,20 Bay Way,No
15152896,Yancy,Holah,yholah3m@youtu.be,1,1954 Ridgeview Point,No
16912148,Mahmud,Canwell,mcanwell3n@prweb.com,14,5 Clarendon Avenue,Si
30116943,Amberly,Pietranek,apietranek3o@dyndns.org,36,76 Oak Valley Center,No
25454988,Evan,Fernier,efernier3p@nsw.gov.au,2,6121 Reindahl Terrace,No
11123707,Vale,Memory,vmemory3q@jugem.jp,47,62 Loftsgordon Junction,No
12604074,Sonny,Hebdon,shebdon3r@dyndns.org,5,126 Macpherson Parkway,No
18503128,Frieda,Zappel,fzappel3s@trellian.com,29,37791 Norway Maple Pass,No
15111268,Micky,Spat,mspat3t@usnews.com,2,97956 Sugar Road,No
17839123,Merrily,Bickerton,mbickerton3u@tripadvisor.com,36,437 Lakeland Hill,Si
24987311,Shannah,Michelin,smichelin3v@issuu.com,2,09 Green Parkway,No
22742816,Any,Maasze,amaasze3w@xinhuanet.com,7,96785 Jana Avenue,No
24179041,Ange,Seleway,aseleway3x@squidoo.com,12,75 David Crossing,No
21527967,Debi,Davidek,ddavidek3y@epa.gov,50,3 David Center,Si
15888829,Theresina,Roseman,troseman3z@nytimes.com,28,8 Buena Vista Street,Si
26688270,Freemon,Duchateau,fduchateau40@taobao.com,14,624 Stone Corner Parkway,No
28247393,Abigale,Cettell,acettell41@com.com,11,5529 Doe Crossing Place,Si
20217357,Sigrid,Liddington,sliddington42@icio.us,20,2350 Eastlawn Point,Si
13143236,Valentina,Danaher,vdanaher43@symantec.com,35,18115 Pierstorff Avenue,Si
20061185,Flory,Erdes,ferdes44@devhub.com,27,339 Lien Hill,No
17160148,Annemarie,Rabidge,arabidge45@usgs.gov,10,4477 Becker Parkway,Si
12414286,Lynnett,Orthmann,lorthmann46@51.la,10,579 Pennsylvania Park,No
23219330,Hedwig,Danaher,hdanaher47@tripadvisor.com,4,235 Mandrake Park,No
21514550,Elicia,Matyja,ematyja48@home.pl,17,91 Arrowood Drive,Si
16537292,Raviv,Guyver,rguyver49@php.net,45,753 1st Place,No
11520065,Emile,Foard,efoard4a@indiatimes.com,7,1135 Magdeline Street,No
16643533,Dewain,Brockie,dbrockie4b@businessinsider.com,21,257 Roth Trail,No
32110332,Cordy,Addionizio,caddionizio4c@naver.com,34,7208 Di Loreto Alley,Si
17936534,Goldi,Eastbury,geastbury4d@reuters.com,25,2 Bunker Hill Junction,No
21826772,Dario,Aloshikin,daloshikin4e@cbc.ca,5,2356 Reindahl Pass,No
24630987,Jessie,Moon,jmoon4f@amazonaws.com,33,66 Blackbird Trail,No
19081328,Shell,Sympson,ssympson4g@facebook.com,15,6345 Village Green Trail,Si
22006102,Sasha,Helstrip,shelstrip4h@auda.org.au,8,6 Acker Avenue,Si
26984881,Bendix,O'Carney,bocarney4i@privacy.gov.au,46,95 Cardinal Junction,No
24846198,Abigael,Lynthal,alynthal4j@apple.com,8,19554 Clyde Gallagher Court,No
25390947,Itch,Snaddin,isnaddin4k@theguardian.com,20,82 Briar Crest Way,Si
13786801,Giacinta,Lowry,glowry4l@trellian.com,33,73 Oxford Point,No
13929465,Ogden,Thombleson,othombleson4m@youtube.com,34,6 Sunfield Plaza,Si
15223076,Ellerey,Mereweather,emereweather4n@uiuc.edu,1,0 Shasta Center,No
13516769,Tilly,Hakes,thakes4o@engadget.com,29,5 Sommers Court,No
28428462,Karlens,Bauser,kbauser4p@comsenz.com,20,01 Welch Pass,No
29599256,Tucker,Retchford,tretchford4q@google.ca,30,66 Buell Hill,No
27301954,Eleanore,Beastall,ebeastall4r@icq.com,42,88 Shoshone Street,Si
27054678,Kaylil,Cowle,kcowle4s@java.com,1,44498 Summit Pass,No
21818491,Federico,Jessop,fjessop4t@squarespace.com,29,17277 Jana Alley,No
29903136,Farrand,Pottie,fpottie4u@trellian.com,4,36333 Vermont Way,Si
29378031,Charley,Antonnikov,cantonnikov4v@ucoz.ru,21,08 Garrison Alley,Si
30206307,Fanni,Eastway,feastway4w@icq.com,12,61 Bayside Center,No
31215865,Mariejeanne,Cater,mcater4x@who.int,31,38 Northview Court,Si
18044987,Timothee,Tern,ttern4y@mail.ru,49,79 Schiller Circle,Si
14664644,Timothee,Molyneux,tmolyneux4z@goo.ne.jp,11,36035 Sycamore Avenue,Si
22842277,Armstrong,Connar,aconnar50@cam.ac.uk,23,983 Vidon Terrace,No
30191032,Noe,Sansom,nsansom51@nytimes.com,49,7 Ruskin Trail,No
27249822,Boniface,Govett,bgovett52@feedburner.com,30,95 Spaight Crossing,No
24877334,Carry,Joseland,cjoseland53@timesonline.co.uk,5,228 Texas Park,Si
13947770,Hillary,Malshinger,hmalshinger54@canalblog.com,50,1 Katie Street,No
21793659,Man,Riply,mriply55@usnews.com,32,14 Mcguire Way,No
12296625,Yardley,Tarr,ytarr56@mediafire.com,2,3342 Brown Parkway,No
23107716,Lorilee,Heineking,lheineking57@ifeng.com,23,74404 Center Parkway,No
21406083,Edlin,Besse,ebesse58@ehow.com,20,0462 Mcbride Alley,No
15398957,Byron,Lattie,blattie59@nifty.com,25,031 Burrows Plaza,No
32518997,Ivan,Lennon,ilennon5a@yahoo.com,50,0 Springs Plaza,Si
12451334,Sarah,Schall,sschall5b@ted.com,7,5 Spenser Road,Si
17234882,Vonny,Hullett,vhullett5c@springer.com,7,800 Duke Parkway,Si
28455848,Dulcine,Pakes,dpakes5d@cloudflare.com,36,8614 Memorial Avenue,Si
30192306,Colman,Cotsford,ccotsford5e@omniture.com,18,5 Longview Center,Si
20977752,Arnold,Gladwell,agladwell5f@unblog.fr,20,021 Nova Avenue,No
25542987,Davidde,Goude,dgoude5g@ftc.gov,35,10 Marcy Circle,No
29492068,Mason,Goody,mgoody5h@studiopress.com,18,1 Mifflin Point,Si
20969390,Susy,Mauditt,smauditt5i@bloglovin.com,2,6949 Red Cloud Junction,No
31201219,Hilda,Willson,hwillson5j@ucsd.edu,39,5 Toban Alley,No
20379645,Whitby,Hosten,whosten5k@usnews.com,23,6 Mockingbird Park,Si
19355382,Buddie,Beyn,bbeyn5l@nps.gov,41,64 Texas Center,No
17852222,Beryle,Waryk,bwaryk5m@cbc.ca,35,65234 Old Gate Parkway,No
18883760,Jacinda,Lawry,jlawry5n@quantcast.com,42,36 Dunning Point,No
21534343,Tito,Devinn,tdevinn5o@independent.co.uk,25,1 Sommers Center,No
15093111,Barnabe,Gonthier,bgonthier5p@free.fr,14,2 Londonderry Way,No
25484406,Ingrid,Siddaley,isiddaley5q@nasa.gov,21,630 Debra Way,No
17082740,Fania,Goddman,fgoddman5r@trellian.com,20,4257 Schlimgen Street,No
22697247,Garnette,Dyball,gdyball5s@hud.gov,4,4 Messerschmidt Alley,No
32182947,Cherish,Oda,coda5t@nih.gov,36,1507 Nancy Street,Si
31157224,Kennie,Langhorn,klanghorn5u@huffingtonpost.com,40,566 Basil Junction,No
28589806,Anastasie,Tuminelli,atuminelli5v@elpais.com,31,841 Holmberg Pass,No
26022991,Quentin,McDermott,qmcdermott5w@fc2.com,6,1 Packers Place,No
27611948,Brannon,Gaddes,bgaddes5x@craigslist.org,34,9 Debs Point,No
27918582,Conrade,Walak,cwalak5y@wordpress.com,26,386 Dexter Circle,No
20275711,Ezekiel,Skilling,eskilling5z@opera.com,6,0277 New Castle Place,No
27775844,Cammy,Petrelluzzi,cpetrelluzzi60@noaa.gov,31,71 Sutteridge Road,Si
20723459,Jonathan,Mazin,jmazin61@desdev.cn,14,5364 Bluejay Hill,No
32953447,Anna-maria,Potzold,apotzold62@quantcast.com,1,96 Maywood Street,Si
13982871,Lorne,Dawby,ldawby63@nytimes.com,22,73 Packers Court,No
12310965,Riane,Dreus,rdreus64@discovery.com,2,9816 Helena Point,Si
30255157,Rolfe,Pellitt,rpellitt65@cafepress.com,15,08 Banding Place,No
22814638,Alecia,Cherry Holme,acherryholme66@parallels.com,23,92 Marquette Lane,No
28410341,Randolf,Calbreath,rcalbreath67@smugmug.com,30,97 Pepper Wood Pass,Si
16071400,Waylen,Phelps,wphelps68@goodreads.com,38,21 Moose Circle,Si
24506853,Hannie,Allman,hallman69@storify.com,25,68784 3rd Alley,No
18867693,Kale,Ewin,kewin6a@dailymotion.com,7,8131 Stang Terrace,Si
15908602,Hershel,Bushell,hbushell6b@infoseek.co.jp,47,99 Fisk Alley,No
11348832,Gretel,Toolin,gtoolin6c@sun.com,40,7 Carioca Circle,No
11530760,Stefania,Brummell,sbrummell6d@facebook.com,10,48 Towne Parkway,No
18715058,Celle,Smullen,csmullen6e@technorati.com,46,31 Morningstar Way,Si
15417875,Daron,Baudasso,dbaudasso6f@google.de,28,092 Monument Parkway,No
29833855,Gail,Moriarty,gmoriarty6g@skype.com,16,1968 Walton Hill,No
16334228,Lydie,Ebbett,lebbett6h@google.cn,45,45 Mcbride Plaza,Si
17934811,Reider,Giacomozzo,rgiacomozzo6i@ed.gov,22,4622 Springs Lane,No
30662856,Noella,Nehl,nnehl6j@admin.ch,40,30361 Kennedy Road,No
11989587,Chiarra,Guilder,cguilder6k@pbs.org,46,6 Tennessee Place,No
13255935,Lance,Yarwood,lyarwood6l@unblog.fr,48,39 Columbus Center,Si
31336372,Ayn,Clousley,aclousley6m@nps.gov,35,30989 Coolidge Point,Si
16768470,Ludvig,Potebury,lpotebury6n@feedburner.com,47,5 2nd Crossing,Si
16047038,Caroline,Maccrie,cmaccrie6o@phpbb.com,2,98 Michigan Street,No
25164577,Abraham,Inkles,ainkles6p@ovh.net,23,5781 Ryan Street,Si
30158735,Almeta,Lambert,alambert6q@senate.gov,28,49205 Packers Point,No
29295591,Jose,Llop,jllop6r@example.com,3,9 Rieder Court,Si
31966551,Norby,Dillimore,ndillimore6s@creativecommons.org,30,1 Nobel Pass,Si
18562275,Amie,Bradnocke,abradnocke6t@constantcontact.com,19,12107 Mayer Drive,No
32224346,Farrel,Arnolds,farnolds6u@intel.com,46,7689 Forest Dale Park,Si
24572272,Kailey,Keyzor,kkeyzor6v@comsenz.com,25,35 Main Way,Si
15596725,Clarke,Matusov,cmatusov6w@example.com,24,7 Judy Point,No
23983932,Ula,Franken,ufranken6x@bing.com,35,10 Pond Parkway,Si
29488562,Natala,Finnigan,nfinnigan6y@goo.ne.jp,12,0 Gale Parkway,No
14975387,Harmonie,Eccleston,heccleston6z@huffingtonpost.com,26,81 Stephen Circle,Si
19600801,Cissy,Ellison,cellison70@pinterest.com,2,72 Lotheville Parkway,Si
27279342,Dot,Presho,dpresho71@freewebs.com,25,6 Express Hill,No
21096986,Abraham,Capey,acapey72@biblegateway.com,15,63775 Brentwood Lane,No
15930058,Peria,Ashworth,pashworth73@oracle.com,10,4943 Red Cloud Park,Si
30085182,Rebe,Shewon,rshewon74@amazon.com,8,2 Melvin Hill,Si
24692148,Ginevra,Berston,gberston75@symantec.com,10,959 Boyd Pass,No
28538081,Boyce,Hucklesby,bhucklesby76@people.com.cn,6,25 Esker Avenue,Si
26663825,Hephzibah,Alexsandrov,halexsandrov77@goodreads.com,3,5 Lillian Point,No
13481935,Devon,Grgic,dgrgic78@apple.com,26,87293 Garrison Court,Si
17216176,Buckie,Sherwell,bsherwell79@springer.com,28,10 Grim Parkway,No
23532334,Ashli,Stelfox,astelfox7a@stanford.edu,2,742 Merry Court,No
32996498,Audre,McGragh,amcgragh7b@arizona.edu,17,7389 Golf Course Crossing,Si
15264233,Renaud,Willerstone,rwillerstone7c@upenn.edu,34,97579 Browning Trail,Si
24569681,Cathy,Leon,cleon7d@aol.com,28,11 Susan Center,No
25973576,Gretna,Cypler,gcypler7e@yandex.ru,10,5923 Swallow Center,No
25147147,Lily,Franiak,lfraniak7f@smugmug.com,9,08458 Erie Alley,No
31085853,Augie,ffrench Beytagh,affrenchbeytagh7g@drupal.org,44,02558 La Follette Plaza,No
28753599,Terencio,Ilyinski,tilyinski7h@cpanel.net,5,116 Pine View Parkway,Si
18738015,Drusie,Handasyde,dhandasyde7i@bizjournals.com,4,6 Nova Avenue,Si
17693308,Lucila,Glover,lglover7j@telegraph.co.uk,5,6206 Lien Street,Si
17521462,Horton,Chicotti,hchicotti7k@cnn.com,43,0 Towne Junction,No
19263869,Duncan,Dumberrill,ddumberrill7l@irs.gov,2,10731 Banding Junction,Si
12795230,Kimberlyn,Spikins,kspikins7m@wordpress.com,18,545 Warbler Circle,Si
22016762,Dirk,Willingale,dwillingale7n@house.gov,43,467 Dahle Pass,No
21162167,Eachelle,Swaysland,eswaysland7o@cbc.ca,43,744 School Parkway,Si
28294887,Clyde,McGaugan,cmcgaugan7p@printfriendly.com,14,14572 Manley Road,Si
28797923,Camellia,Nanelli,cnanelli7q@cloudflare.com,38,2 Knutson Avenue,No
26013162,Brennan,Sapauton,bsapauton7r@geocities.com,3,581 Sommers Street,No
14125119,Gardy,Anthes,ganthes7s@google.ca,44,2852 Derek Road,Si
30401117,Homer,Nichols,hnichols7t@prweb.com,36,8 Hintze Park,Si
30958867,Hazlett,Doughtery,hdoughtery7u@t.co,32,988 Talisman Point,Si
24700345,Nicola,Edmans,nedmans7v@example.com,44,47 Mayfield Crossing,Si
32125665,Dennison,Schinetti,dschinetti7w@sphinn.com,6,96 Miller Junction,Si
17205013,Aldin,Pellamonuten,apellamonuten7x@printfriendly.com,19,81 Marcy Hill,No
32122524,Sallyanne,Wordington,swordington7y@flavors.me,31,78398 Northport Hill,Si
21420696,Marian,Whisker,mwhisker7z@feedburner.com,17,967 Macpherson Drive,Si
30301682,Galen,Jaqueme,gjaqueme80@sun.com,1,016 Emmet Circle,Si
17386083,Katti,Whiterod,kwhiterod81@list-manage.com,5,9 Mcbride Place,No
16683290,Montgomery,Dennes,mdennes82@nifty.com,45,543 Russell Drive,Si
22286391,Erna,Warham,ewarham83@xrea.com,13,847 Golf Course Alley,No
24570794,Fernandina,Buxey,fbuxey84@imgur.com,8,388 Golf Course Court,Si
23164457,Ambrose,Lacotte,alacotte85@apple.com,3,61257 Waywood Way,Si
14756652,Mandi,Brattan,mbrattan86@foxnews.com,45,05 Reindahl Terrace,Si
15744504,Latrina,Merrill,lmerrill87@deviantart.com,35,801 Carberry Court,No
26911367,Caro,Mangeot,cmangeot88@free.fr,31,26858 Kim Drive,Si
27682584,Jocko,Syversen,jsyversen89@live.com,45,7 Arkansas Drive,No
27896260,Stevana,Hulle,shulle8a@usa.gov,33,383 Meadow Vale Drive,No
19890687,Noland,Krojn,nkrojn8b@icq.com,1,48372 Haas Plaza,Si
31757631,Ora,Belloch,obelloch8c@posterous.com,20,7 Lerdahl Crossing,No
18385860,Minetta,Hendricks,mhendricks8d@weebly.com,16,9 Jenna Road,No
23943092,Efren,Lapenna,elapenna8e@soundcloud.com,27,819 Chive Plaza,No
21821305,Nesta,Weippert,nweippert8f@indiatimes.com,50,7 Moulton Road,No
25422753,Matilda,Leahey,mleahey8g@admin.ch,49,57 Shelley Terrace,Si
30421870,Benson,Bachshell,bbachshell8h@shutterfly.com,15,84 Susan Place,Si
21118593,Caralie,Jeskin,cjeskin8i@seesaa.net,14,313 Eagan Place,No
12472405,Thom,Onraet,tonraet8j@linkedin.com,22,62 Pond Crossing,No
27142015,Shane,Callum,scallum8k@e-recht24.de,10,41807 Maple Pass,Si
27878076,Padget,Yukhin,pyukhin8l@samsung.com,21,27 Brickson Park Terrace,No
27684799,Derry,Sivewright,dsivewright8m@skype.com,27,31 Dennis Avenue,No
23563839,Monique,Antrim,mantrim8n@ycombinator.com,48,03808 Homewood Alley,Si
31208155,Aguste,Pickles,apickles8o@cbslocal.com,12,5787 Brown Avenue,Si
15952693,Dene,Munson,dmunson8p@springer.com,36,2 Gateway Trail,No
29224476,Dawna,Salvadore,dsalvadore8q@elpais.com,43,5778 Sugar Plaza,No
18880687,Rosita,Scala,rscala8r@miitbeian.gov.cn,47,0566 Farwell Trail,Si
16585382,Benson,Silverson,bsilverson8s@aboutads.info,22,742 Scoville Road,Si
17770731,Flo,Tremollet,ftremollet8t@cocolog-nifty.com,16,59 Glacier Hill Avenue,No
24650230,Artemus,Cunrado,acunrado8u@drupal.org,32,8 Portage Crossing,No
15796847,Pat,Drake,pdrake8v@java.com,48,080 Grasskamp Plaza,No
25689357,Jone,Preshaw,jpreshaw8w@weather.com,1,13215 Meadow Ridge Parkway,Si
12974207,Howie,Gilding,hgilding8x@geocities.jp,29,38941 Lawn Crossing,Si
22646245,Arlina,Kite,akite8y@t.co,48,0629 Havey Terrace,No
29139938,Annelise,Baumadier,abaumadier8z@hatena.ne.jp,35,961 Northridge Point,Si
15083228,Dael,Gambrell,dgambrell90@vinaora.com,47,736 Lighthouse Bay Point,No
22624806,Marve,Pendre,mpendre91@technorati.com,26,94579 Bunker Hill Road,No
31178354,Celestia,Greaser,cgreaser92@canalblog.com,36,34 Elgar Crossing,No
15729132,Miguela,Clothier,mclothier93@buzzfeed.com,42,3 Rigney Parkway,Si
16219255,Urbain,Pendleberry,upendleberry94@senate.gov,45,392 Bluejay Court,No
29299719,Verna,Lantry,vlantry95@microsoft.com,16,898 Vera Crossing,Si
11351340,Goldi,Rolfs,grolfs96@usatoday.com,13,033 Lyons Trail,Si
30215693,Marcela,Itscowicz,mitscowicz97@forbes.com,3,5572 Erie Junction,No
24992742,Chantalle,Ivanchin,civanchin98@mapy.cz,11,1969 Rieder Drive,No
25898447,Robby,Cadwaladr,rcadwaladr99@sciencedirect.com,29,684 Hollow Ridge Lane,No
20380151,Ailee,Newsome,anewsome9a@cdc.gov,38,57310 Golf Course Park,Si
27239612,Forrest,Palia,fpalia9b@unc.edu,26,99 Huxley Plaza,No
30855194,Tracie,Hedley,thedley9c@devhub.com,4,06538 Bluestem Way,Si
30085994,Jennilee,Dabs,jdabs9d@webs.com,3,09878 Artisan Pass,Si
15175452,Stanly,Wisam,swisam9e@blogspot.com,40,915 Bayside Circle,Si
29417193,Krista,Rubee,krubee9f@ifeng.com,35,5 Erie Road,Si
31329713,Vachel,Brettoner,vbrettoner9g@skyrock.com,39,2 Victoria Park,No
14438755,Karlie,Hanmore,khanmore9h@fotki.com,20,35 Northwestern Trail,Si
16483064,Rutter,Boome,rboome9i@bloglovin.com,17,3947 Stephen Terrace,Si
25936400,Jo-ann,Drage,jdrage9j@so-net.ne.jp,8,14997 Carey Hill,Si
22123589,Sawyer,Wollen,swollen9k@aol.com,44,0 Parkside Court,Si
20021771,Lanette,German,lgerman9l@photobucket.com,14,601 Goodland Park,Si
28860164,Sella,Rozenzweig,srozenzweig9m@shutterfly.com,36,10612 Fordem Trail,Si
16439748,Dorine,Gladdolph,dgladdolph9n@goo.gl,34,0 Reindahl Circle,Si
14309702,Korrie,Goward,kgoward9o@theatlantic.com,20,3802 Orin Lane,No
29584547,Aurel,Crandon,acrandon9p@zdnet.com,39,00446 Riverside Way,No
22749609,Marlena,Stonhard,mstonhard9q@shutterfly.com,35,6414 Hermina Point,No
19112587,Fitz,Stonier,fstonier9r@barnesandnoble.com,10,8 Calypso Junction,Si
32655835,Franz,Sherratt,fsherratt9s@live.com,35,5599 Mayer Drive,No
21819865,Gifford,Dahlberg,gdahlberg9t@dedecms.com,9,16355 Westport Court,No
31243957,Verge,Asker,vasker9u@last.fm,42,30467 Old Shore Street,Si
27338779,Gnni,Triggs,gtriggs9v@nps.gov,41,33 Kenwood Trail,Si
25646608,Glendon,Allerton,gallerton9w@hatena.ne.jp,24,5 Oak Junction,Si
25543136,Terry,Plott,tplott9x@go.com,14,7091 Roth Way,Si
27080374,Anet,Abeau,aabeau9y@hugedomains.com,34,1685 Thierer Park,No
14171063,Aldrich,Rembrandt,arembrandt9z@so-net.ne.jp,42,148 Schlimgen Road,No
18229716,Zelig,Studdert,zstudderta0@illinois.edu,44,689 Schiller Point,Si
18745674,Mabelle,Bodimeade,mbodimeadea1@over-blog.com,50,32158 Service Plaza,No
30410634,Brandon,Kubelka,bkubelkaa2@godaddy.com,21,02414 Holmberg Road,Si
11637118,Gideon,Spaldin,gspaldina3@cnet.com,37,969 Longview Parkway,Si
21529308,Aveline,Corck,acorcka4@wikimedia.org,24,8 Trailsway Way,No
12583584,Mathilde,Arro,marroa5@nbcnews.com,48,06 Northfield Way,Si
24175465,Hetty,Gorse,hgorsea6@webs.com,46,6040 Autumn Leaf Place,Si
30322015,Francesco,Newstead,fnewsteada7@posterous.com,35,25405 Fieldstone Place,Si
20343579,Ravi,Cleft,rclefta8@imgur.com,24,291 Hermina Street,No
31071031,Alex,Gawthrope,agawthropea9@hubpages.com,45,294 Farwell Drive,No
20496471,Rance,Goadby,rgoadbyaa@zdnet.com,37,3 High Crossing Place,No
27526524,Gwenny,Jennick,gjennickab@discovery.com,49,9716 Pleasure Road,No
18095780,Harrietta,Lewcock,hlewcockac@ed.gov,1,7 Tennessee Crossing,Si
25356056,Alayne,Dellit,adellitad@aboutads.info,24,2 Lake View Parkway,No
16649383,Mano,Hurnell,mhurnellae@businessweek.com,47,6196 Bonner Drive,No
16142573,Christel,Roullier,croullieraf@acquirethisname.com,44,44440 Blackbird Pass,No
29343345,Langsdon,Weighell,lweighellag@about.com,14,4022 Nova Street,No
19131429,Ashlen,Squirrel,asquirrelah@ihg.com,47,0676 Haas Court,Si
24335092,Tanitansy,Grinston,tgrinstonai@ox.ac.uk,1,667 Grayhawk Trail,Si
18793493,Perkin,Hebbs,phebbsaj@marketwatch.com,43,1 Pleasure Junction,Si
20575616,Dave,Bunclark,dbunclarkak@t-online.de,8,4982 Cherokee Parkway,Si
22822419,Almeria,Orring,aorringal@odnoklassniki.ru,14,816 Bonner Drive,Si
19309366,Pepi,Nissle,pnissleam@ifeng.com,37,551 North Junction,No
25479759,Kliment,Girvin,kgirvinan@wikimedia.org,19,5196 Linden Park,Si
13249618,Hermie,Moorcraft,hmoorcraftao@godaddy.com,12,585 Dovetail Point,Si
24193789,Torey,Robertsson,trobertssonap@nationalgeographic.com,34,80923 Banding Hill,Si
28313501,Cornell,Janouch,cjanouchaq@topsy.com,8,7986 Schiller Pass,Si
29771307,Neale,Callender,ncallenderar@nifty.com,29,14017 Tony Junction,Si
24178722,Allis,Napthine,anapthineas@dropbox.com,15,828 North Trail,No
24434173,Alena,Coldman,acoldmanat@theguardian.com,40,90271 Mcguire Avenue,Si
11211947,Annabal,Bordis,abordisau@lulu.com,13,8 Bunting Center,Si
24014162,Davidde,Kalf,dkalfav@newyorker.com,40,39 Melrose Court,No
24254492,Domini,Chaldecott,dchaldecottaw@house.gov,12,04967 Mcbride Drive,Si
11585838,Tobie,Catto,tcattoax@odnoklassniki.ru,2,5885 Bowman Trail,No
31828446,Dorthea,Calwell,dcalwellay@g.co,14,9482 Bartelt Way,No
11874638,Lindie,Muckeen,lmuckeenaz@tiny.cc,10,1229 Oxford Lane,Si
30428071,Willa,Bertlin,wbertlinb0@wisc.edu,49,3 Clove Road,Si
19566477,Jo-ann,Turbayne,jturbayneb1@people.com.cn,19,46 American Parkway,Si
17426116,Rawley,Langman,rlangmanb2@bbc.co.uk,31,674 Vermont Trail,Si
32585675,Tamra,Orpyne,torpyneb3@bloglovin.com,50,52347 Anthes Circle,Si
30052325,Lauritz,Gummery,lgummeryb4@mapquest.com,47,705 Graedel Center,No
13385034,Juanita,Pickring,jpickringb5@moonfruit.com,44,3918 Manufacturers Alley,No
30350894,Fanni,Sainter,fsainterb6@fc2.com,2,55817 Daystar Junction,Si
19048814,Abigail,Pettengell,apettengellb7@spotify.com,29,042 Muir Junction,Si
11069011,Pasquale,Joynt,pjoyntb8@mashable.com,5,48641 Superior Trail,No
32501914,Leslie,Simmings,lsimmingsb9@slate.com,13,9802 Hovde Way,No
12639548,Sidney,Cluet,scluetba@archive.org,12,050 Mendota Place,Si
27211384,Giselbert,Hryniewicki,ghryniewickibb@linkedin.com,21,958 Scott Terrace,No
13751745,Marris,Lonsdale,mlonsdalebc@answers.com,38,6211 Leroy Alley,No
27317508,Arman,Adolf,aadolfbd@creativecommons.org,24,9001 Manitowish Circle,Si
25199381,Elisabetta,Trott,etrottbe@stumbleupon.com,24,5 Oriole Lane,No
19835829,Davie,Gwillim,dgwillimbf@zimbio.com,29,957 Pierstorff Terrace,No
19480047,Caritta,McNeice,cmcneicebg@bloomberg.com,6,695 Dennis Lane,Si
18393629,Read,Prisk,rpriskbh@indiegogo.com,35,3008 Spaight Lane,Si
12656858,Malynda,McCullogh,mmcculloghbi@digg.com,45,5 Lakewood Gardens Drive,Si
29467183,Alie,Swetmore,aswetmorebj@issuu.com,46,78447 Cascade Street,No
25156067,Polly,Janowicz,pjanowiczbk@ed.gov,39,4965 Maryland Point,Si
32097217,Kynthia,Beszant,kbeszantbl@mayoclinic.com,18,47796 Bluestem Point,Si
17942434,Brenden,O'Lennachain,bolennachainbm@bing.com,12,4665 Blue Bill Park Road,No
17877669,Ashleigh,Dunsford,adunsfordbn@latimes.com,8,87137 Nova Avenue,Si
22838774,Jenilee,Woodnutt,jwoodnuttbo@adobe.com,4,88004 Forest Alley,No
12015726,Monty,Dowden,mdowdenbp@freewebs.com,40,8 Jackson Drive,Si
32726548,Joachim,Caesar,jcaesarbq@technorati.com,4,30 Lawn Crossing,No
18399403,Kendall,Pickover,kpickoverbr@netvibes.com,36,7 Huxley Plaza,No
27909497,Isak,Carlisso,icarlissobs@arizona.edu,46,90 Emmet Drive,No
21779882,Saree,Kulic,skulicbt@acquirethisname.com,44,628 Fulton Hill,No
18521770,Donnajean,Bineham,dbinehambu@squidoo.com,37,45 Judy Court,Si
28526587,Gloriane,Carlan,gcarlanbv@last.fm,42,6 Anzinger Street,No
11628664,Myrilla,Pitson,mpitsonbw@youtu.be,10,14 Meadow Ridge Alley,Si
31131176,Luke,Dandison,ldandisonbx@yelp.com,29,31955 Evergreen Plaza,No
14002289,Mitchel,Sainter,msainterby@wikipedia.org,48,8 Green Park,No
19068198,Remington,Foye,rfoyebz@clickbank.net,18,98 Myrtle Avenue,Si
24849498,Briny,Brimmicombe,bbrimmicombec0@geocities.jp,50,05 Northfield Place,No
27756525,Ines,Filippone,ifilipponec1@odnoklassniki.ru,9,45 Mayer Hill,No
21034385,Athene,Czaple,aczaplec2@cmu.edu,45,6 Caliangt Road,No
26164101,Gottfried,Pattle,gpattlec3@baidu.com,28,4 Messerschmidt Drive,Si
14593384,Arlin,Stonestreet,astonestreetc4@booking.com,40,50193 Thierer Terrace,Si
13052923,Ruperto,Semon,rsemonc5@slideshare.net,41,71042 Southridge Crossing,No
23820953,Anna-diana,Quenby,aquenbyc6@wix.com,4,0354 Boyd Point,Si
22614821,Gordon,Mattia,gmattiac7@1und1.de,41,16 Warrior Plaza,No
17416792,Franz,Peacham,fpeachamc8@kickstarter.com,46,6900 Fulton Drive,Si
19139255,Arline,Hellikes,ahellikesc9@phoca.cz,2,3 Buena Vista Pass,No
16945141,Victoir,Alenichev,valenichevca@so-net.ne.jp,2,1012 Welch Avenue,Si
19120455,Alyda,Parkyn,aparkyncb@un.org,43,4575 Hallows Road,Si
20400472,Beniamino,Nutbrown,bnutbrowncc@gizmodo.com,5,80570 Mesta Alley,Si
14378702,Adelice,Crumb,acrumbcd@tripadvisor.com,2,71742 Warner Circle,Si
22500466,Thornie,Passey,tpasseyce@nsw.gov.au,12,968 Everett Alley,Si
28572345,Skippie,Brunton,sbruntoncf@themeforest.net,29,62189 Blackbird Way,No
26456469,Wallis,Benthall,wbenthallcg@redcross.org,34,29 Logan Crossing,Si
14873633,Sergei,Greenrodd,sgreenroddch@google.com.hk,20,92 Bellgrove Street,Si
26816121,Angeli,Pycock,apycockci@indiatimes.com,19,4 Buell Park,No
12996806,Annice,Barnsdall,abarnsdallcj@paginegialle.it,48,839 Hazelcrest Circle,Si
23436315,Sande,Forte,sforteck@1688.com,27,4 Golf View Plaza,No
27046270,Joete,Strangeways,jstrangewayscl@mlb.com,48,4 Old Gate Court,Si
25335962,Micah,Fillan,mfillancm@e-recht24.de,21,36 Marquette Crossing,No
21254976,Kennett,Lutman,klutmancn@bandcamp.com,27,6 Spenser Road,No
29288893,Bibby,Carmel,bcarmelco@free.fr,11,55 Michigan Way,No
28179138,Abbot,Tulip,atulipcp@ihg.com,22,447 Stuart Avenue,No
18741527,Nan,Mickleborough,nmickleboroughcq@fastcompany.com,45,38065 Corscot Crossing,Si
17428524,Kimberli,Brims,kbrimscr@goo.ne.jp,30,592 Westridge Trail,No
13148259,Kimball,Casolla,kcasollacs@woothemes.com,41,41284 Marquette Crossing,Si
29770435,Adlai,Mutimer,amutimerct@nsw.gov.au,23,22826 Nevada Place,Si
16059806,Peter,Ritchley,pritchleycu@topsy.com,1,2872 Orin Trail,No
26760741,Rosemaria,Avo,ravocv@wix.com,19,04 School Trail,Si
11082041,Fredericka,Erni,fernicw@jimdo.com,47,6 Merrick Park,Si
31349668,Simon,Stickney,sstickneycx@symantec.com,21,1 Main Street,No
17860354,Tracy,Syder,tsydercy@amazon.co.uk,14,1944 Monument Place,No
32758853,Odell,Presnall,opresnallcz@soundcloud.com,3,4 Pleasure Way,No
32787302,Darcy,Tetsall,dtetsalld0@woothemes.com,2,892 Debra Lane,No
13982006,Virgie,Ghost,vghostd1@multiply.com,10,9 Dottie Point,Si
19291055,Hilliary,Hulle,hhulled2@oakley.com,50,397 Harper Junction,Si
13941085,Wendel,Dike,wdiked3@smh.com.au,32,82 Hayes Hill,No
13693749,Lark,Hauch,lhauchd4@apache.org,4,28175 Grover Terrace,No
19965673,Delainey,Scardifeild,dscardifeildd5@washington.edu,14,11063 Fieldstone Hill,No
22076500,Dareen,Blue,dblued6@youtube.com,31,93 Del Sol Point,No
19042248,Demetri,Yeldon,dyeldond7@webnode.com,41,02 Superior Alley,No
22706303,Urbain,Quenby,uquenbyd8@hc360.com,19,13024 Birchwood Center,Si
12934481,Pammi,Pioli,ppiolid9@accuweather.com,21,731 Evergreen Pass,Si
28642778,Gerri,Vanderplas,gvanderplasda@intel.com,30,367 Gina Circle,Si
24512632,Kendell,Slainey,kslaineydb@forbes.com,37,80875 Blue Bill Park Avenue,Si
30386153,Christie,Burl,cburldc@howstuffworks.com,10,523 Dovetail Parkway,Si
16722397,Cinderella,Feeley,cfeeleydd@w3.org,5,7 Melrose Hill,Si
16863032,Deni,Coulthard,dcoulthardde@ihg.com,1,3 Truax Alley,Si
12518542,Brigid,Soane,bsoanedf@qq.com,29,1708 Carioca Center,Si
22162431,Crosby,Esmonde,cesmondedg@hostgator.com,6,43643 Beilfuss Crossing,Si
23959665,Martainn,Barnhart,mbarnhartdh@nps.gov,27,52 Muir Pass,Si
13175283,Marijo,Brimilcombe,mbrimilcombedi@themeforest.net,25,317 Monterey Park,Si
31024980,Anna-diane,Kerss,akerssdj@springer.com,30,2 Prairie Rose Pass,No
30212773,Aubine,McEntagart,amcentagartdk@woothemes.com,4,2 Stone Corner Court,No
17867629,Veda,Robey,vrobeydl@freewebs.com,24,878 Butterfield Center,Si
12896382,Catharina,Tressler,ctresslerdm@answers.com,32,293 Surrey Drive,Si
17714411,Tammie,Eddisford,teddisforddn@nationalgeographic.com,3,3613 Schurz Lane,Si
29922115,Emelita,Ellyatt,eellyattdo@msn.com,2,264 Service Drive,Si
21892589,Irvine,Gomes,igomesdp@hud.gov,9,10269 Novick Hill,Si
28763585,Tadeas,Pittham,tpitthamdq@oaic.gov.au,33,5347 Burning Wood Drive,Si
14855960,Lusa,Shillitoe,lshillitoedr@si.edu,44,842 Springs Way,No
24178135,Constancia,Harbar,charbards@cmu.edu,12,7 Orin Terrace,Si
18483884,Juditha,Sambrook,jsambrookdt@un.org,25,6 Corben Alley,Si
17099022,Cordi,Leefe,cleefedu@sina.com.cn,19,4239 Pleasure Park,No
13238517,Sherwynd,Camis,scamisdv@imdb.com,1,7546 Reinke Avenue,Si
